Price,Close,High,Low,Open,Volume
2020-01-02,5.972710609436035,5.972710609436035,5.893293961011548,5.943831871358628,237536000
2020-01-03,5.87711238861084,5.920928852475165,5.828067864414396,5.852963593311093,205384000
2020-01-06,5.901756763458252,5.906984821965861,5.757611450407676,5.7837517429457215,262636000
2020-01-07,5.973208427429199,6.019016389767921,5.885077875706448,5.930138904576814,314856000
2020-01-08,5.984411716461182,6.0257385544708075,5.928894566530886,5.96897635709519,277108000
2020-01-09,6.050136566162109,6.122582947244449,5.996362099222445,6.070799986533216,255112000
2020-01-10,6.082499027252197,6.187807606735664,6.068308718247157,6.157435008191646,316296000
2020-01-13,6.273200511932373,6.298345055146926,6.142996195216413,6.165651593424438,319840000
2020-01-14,6.156191825866699,6.255774255425361,6.142996791879736,6.230380415366528,359088000
2020-01-15,6.113619327545166,6.191293757279299,6.087727850967122,6.168887653515744,263104000
2020-01-16,6.197268962860107,6.203243955725435,6.143743321457783,6.1671451789942955,284192000
2020-01-17,6.205983638763428,6.2239086209512555,6.158432980698133,6.216439759661358,253792000
2020-01-21,6.1726226806640625,6.206231838269314,6.138515409122078,6.1693861271914585,217916000
2020-01-22,6.226646423339844,6.313283116105959,6.199012256697566,6.217932990150522,239240000
2020-01-23,6.295109272003174,6.303573885569527,6.17785115411572,6.266728646869447,244516000
2020-01-24,6.2358574867248535,6.460416175717536,6.181584910751475,6.41062472577295,373512000
2020-01-27,5.9799299240112305,6.030965942113954,5.781511549702129,5.931134231306107,470536000
2020-01-28,6.173369407653809,6.20573351675792,5.992626706174366,6.045903527531865,310976000
2020-01-29,6.112873077392578,6.195028635711511,6.073039633351887,6.158929858989713,258848000
2020-01-30,6.119594097137451,6.13303794884411,5.960013412079757,6.015032441667756,290504000
2020-01-31,5.886074066162109,6.085737042120204,5.84424958759745,6.073787055431306,370420000
2020-02-03,5.983166694641113,6.002585064742657,5.8616758097780455,5.867899621997954,255564000
2020-02-04,6.152455806732178,6.171625829766046,6.075030680633214,6.1250709413984925,271544000
2020-02-05,6.242827415466309,6.283656133161831,6.159426818954342,6.27344883502635,208220000
2020-02-06,6.329713821411133,6.329713821411133,6.196024598039428,6.277184406097356,218284000
2020-02-07,6.263491630554199,6.311789213380991,6.238097791730746,6.289631928007941,189752000
2020-02-10,6.546804428100586,6.5475508867773335,6.2811677060194615,6.286146946276699,529608000
2020-02-11,6.6692914962768555,6.784060482867005,6.593110914570707,6.655101181977298,638556000
2020-02-12,6.785055160522461,6.791528267665657,6.683231931565286,6.722069149885042,374644000
2020-02-13,6.741237640380859,6.80845594706102,6.699661988989288,6.72704733056559,528016000
2020-02-14,7.214504718780518,7.343463996208165,7.1201503522332965,7.151518709617909,1041924000
2020-02-18,7.383296489715576,7.401719581619784,7.091768795845745,7.111187165873342,620164000
2020-02-19,7.834654808044434,7.852330967951495,7.505783739325234,7.505783739325234,694332000
2020-02-20,7.6852803230285645,7.874984785699811,7.377819175259486,7.786605423132203,810052000
2020-02-21,7.321058750152588,7.598147364107592,7.236164739736547,7.5730028163703444,768180000
2020-02-24,6.803478240966797,7.0173320132161,6.6720293315310055,6.726550732610782,856916000
2020-02-25,6.523900985717773,6.940653853042011,6.422077742094624,6.878663586533366,1055496000
2020-02-26,6.663315773010254,6.85750187414254,6.522655793674137,6.524149185910407,747732000
2020-02-27,6.292397499084473,6.6511091252555685,6.199979396341777,6.349691581873263,906416000
2020-02-28,6.7275848388671875,6.787121067772913,6.02311547937384,6.0398053888967755,1133252000
2020-03-02,6.88601541519165,6.914911901595098,6.501646248420042,6.897723580832641,890744000
2020-03-03,6.623457908630371,7.001599490313207,6.538014727936556,6.941814303201296,652792000
2020-03-04,7.087292671203613,7.0967586961759554,6.656091310892705,6.730823162010748,597408000
2020-03-05,6.807797431945801,7.054660538553087,6.763207379750846,6.887760003595726,540328000
2020-03-06,6.627195358276367,6.685735237571004,6.426914546646365,6.628191706945941,515412000
2020-03-09,6.114038467407227,6.461789319883881,5.93318812565467,5.976033967366293,614160000
2020-03-10,6.5036396980285645,6.5036396980285645,6.1277401639660996,6.390545798775216,580648000
2020-03-11,6.1396965980529785,6.392040324001195,6.042545707959731,6.363642247247492,499964000
2020-03-12,5.388395309448242,5.8818725146378315,5.375690794595212,5.6163263457188535,816540000
2020-03-13,5.999449729919434,6.003933536233202,5.470599575524825,5.74187484637782,634836000
2020-03-16,4.892426013946533,5.632268767774696,4.832640822497974,5.291243400431755,726972000
2020-03-17,5.412309169769287,5.501738236486458,4.7579100022747225,5.004773092090757,833632000
2020-03-18,5.052351951599121,5.229714841006499,4.500833296746045,4.984595491641853,874268000
2020-03-19,5.305192947387695,5.398856353083109,4.817444986138072,5.030927725960266,765512000
2020-03-20,5.125340461730957,5.737391738796096,5.109895868556676,5.455404616991607,804636000
2020-03-23,5.298218727111816,5.3926300088870525,4.9452366741726435,5.124343294062522,643876000
2020-03-24,6.207203388214111,6.293892369267523,5.680844342374413,5.704509166078749,1101644000
2020-03-25,6.118522644042969,6.522072845053635,6.069697757358322,6.322290441921385,793432000
2020-03-26,6.40798282623291,6.532037022693763,6.227630417479036,6.325777648596913,696108000
2020-03-27,6.295636177062988,6.554456381095054,6.194748395548019,6.227630275802166,638828000
2020-03-30,6.615984916687012,6.6252019724010545,6.317058490878093,6.361150122055343,602252000
2020-03-31,6.566413879394531,6.860358120752145,6.420687075782608,6.656091437255974,949960000
2020-04-01,6.055000305175781,6.514848702488128,6.010410733654808,6.368374998501246,656912000
2020-04-02,6.363891124725342,6.3770935756374705,6.036068666788707,6.0841456956311735,675764000
2020-04-03,6.075926303863525,6.367877400505166,5.938420195255603,6.326276869608279,663212000
2020-04-06,6.685985088348389,6.722852844771327,6.300619038049027,6.358162576268482,727884000
2020-04-07,6.452572822570801,6.931353301048812,6.409477533621597,6.907687999820813,784520000
2020-04-08,6.649863243103027,6.674773858148314,6.4916813839654885,6.561679979428818,542444000
2020-04-09,6.550220966339111,6.798578775252152,6.487197288879559,6.775661333519829,525564000
2020-04-13,6.722104549407959,6.730823194143778,6.402004378020009,6.490436617557893,398408000
2020-04-14,7.073342800140381,7.10746999844819,6.822742820852914,6.850393515337179,530948000
2020-04-15,6.9958696365356445,7.078821705340882,6.859858328952899,6.905195273103676,366148000
2020-04-16,7.341131210327148,7.448246538943585,7.138110782966777,7.151313235177813,745620000
2020-04-17,7.281843662261963,7.444758304058999,7.147825031273744,7.4233351455447885,539120000
2020-04-20,7.150565147399902,7.311238124428304,7.106224544751435,7.155298397333831,449388000
2020-04-21,6.713634967803955,7.093769309041945,6.653849770858671,7.0324898266426485,735160000
2020-04-22,7.12814474105835,7.170991052913897,6.860356954917682,6.90594286882871,483356000
2020-04-23,7.074837684631348,7.302270795206123,7.04967809721971,7.170245322178215,424160000
2020-04-24,7.213837623596191,7.215830320819517,6.9898919999060425,7.0646238473465095,352328000
2020-04-27,7.400417804718018,7.560343402850645,7.323693257528816,7.348354905783753,479388000
2020-04-28,7.25792932510376,7.5777805138514305,7.252449170122795,7.5478876795678005,442904000
2020-04-29,7.434794902801514,7.487605185245259,7.317466171578935,7.392695962856682,379160000
2020-04-30,7.280847072601318,7.434794096496266,7.266897241974005,7.3807380276849575,375916000
2020-05-01,7.044196605682373,7.196648861914722,6.995870137503005,7.083306018290997,342096000
2020-05-04,7.256185531616211,7.269886394077095,6.996866918863015,6.996866918863015,317556000
2020-05-05,7.317216873168945,7.479882551510657,7.256185885177733,7.3603121598757735,368896000
2020-05-06,7.418104648590088,7.522978310145172,7.358817860949105,7.396681963214574,323464000
2020-05-07,7.594470500946045,7.65774315277696,7.506038264433992,7.557353782427627,373732000
2020-05-08,7.784537315368652,7.790764850194857,7.63233402657439,7.6662122531489585,339216000
2020-05-11,8.036635398864746,8.08346712656502,7.750911305991858,7.779558358304345,469060000
2020-05-12,7.774574279785156,8.143249919410179,7.764859285696118,8.094425505433088,493060000
2020-05-13,7.752155780792236,8.049587042334785,7.567568504699532,7.889163481628637,625852000
2020-05-14,8.001755714416504,8.007235867850532,7.659983051959542,7.813681067718161,602312000
2020-05-15,8.460362434387207,8.470076954369944,7.845819505621132,7.861513068911251,987660000
2020-05-18,8.71893310546875,8.884588332135289,8.64943290487941,8.729146512397216,774460000
2020-05-19,8.773983001708984,9.054973244527357,8.73138565707081,8.758787379916113,717320000
2020-05-20,8.937894821166992,9.01063349378433,8.856935441304174,8.958819566693,587536000
2020-05-21,8.743842124938965,9.020099132455865,8.706226996186436,9.019103258998593,761068000
2020-05-22,8.99394416809082,9.060455788697135,8.682064695436766,8.793663351359584,1038764000
2020-05-26,8.686549186706543,9.148889252286411,8.640963258260788,9.123978155934259,770780000
2020-05-27,8.49473762512207,8.601851996548499,7.968128629846141,8.594130175572717,1175892000
2020-05-28,8.456623077392578,8.729143633781227,8.349257855837854,8.382139731851998,734896000
2020-05-29,8.843731880187988,8.843731880187988,8.454629518255203,8.523880728305814,745256000
2020-06-01,8.77472972869873,8.809106365733536,8.658397843403566,8.801633514294966,389876000
2020-06-02,8.793663024902344,8.805620159058895,8.627011952378224,8.764767488429928,391320000
2020-06-03,8.738113403320312,8.834517389837487,8.668862176889306,8.790675194411731,365440000
2020-06-04,8.739109992980957,8.915306978531444,8.650387369194227,8.70072950087931,424280000
2020-06-05,8.892129898071289,8.968888980051814,8.680792389945124,8.767022291527951,481748000
2020-06-08,8.777488708496094,8.861973127761983,8.65861101355917,8.849512374680737,387736000
2020-06-09,9.01773738861084,9.081288482639218,8.723909004718239,8.772506620535593,468488000
2020-06-10,9.337485313415527,9.470319237439279,9.124901408711025,9.139107640517436,632180000
2020-06-11,8.768767356872559,9.232313713247063,8.758549290684753,9.121411378573432,583652000
2020-06-12,8.90459156036377,9.158545881211754,8.676057865010044,9.133873452443774,570908000
2020-06-15,9.145087242126465,9.15356078339735,8.7164304400905,8.787707819563549,400004000
2020-06-16,9.040165901184082,9.237797256085665,8.811134052629669,9.196177745621114,535716000
2020-06-17,9.207143783569336,9.2699466772153,9.041911138678998,9.085276127942803,408304000
2020-06-18,9.189201354980469,9.253499698314524,9.086024346636044,9.19817306207676,254408000
2020-06-19,9.232312202453613,9.415488216468052,9.198418992735595,9.213621548529286,524160000
2020-06-22,9.496983528137207,9.501469855886985,9.24427559754191,9.270942580669955,398468000
2020-06-23,9.4204740524292,9.612372715898204,9.3781072965606,9.521158318810581,375108000
2020-06-24,9.206644058227539,9.52664119410591,9.11592783209494,9.446641197115392,449372000
2020-06-25,9.460350036621094,9.475303514168546,9.153561795087281,9.326519787537718,376072000
2020-06-26,9.126397132873535,9.470319529344263,9.096491126870147,9.470319529344263,592084000
2020-06-29,9.171257972717285,9.175744302093518,8.872195016398203,9.141102880222109,342248000
2020-06-30,9.468074798583984,9.496485355556365,9.237547523576156,9.284898768761654,367892000
2020-07-01,9.500225067138672,9.54583274604301,9.383590983987299,9.491004278826638,326648000
2020-07-02,9.5822172164917,9.707075740717215,9.54832305271318,9.60888324924789,364056000
2020-07-06,9.80850887298584,9.877791703923002,9.682154885234517,9.711313644053247,315892000
2020-07-07,9.840906143188477,10.03853653953038,9.819971847789935,9.915173455733374,357800000
2020-07-08,10.184081077575684,10.193053734045131,9.934364005153876,9.962525483214693,365480000
2020-07-09,10.476166725158691,10.536976014543933,10.201527168767079,10.347819128826982,494548000
2020-07-10,10.446508407592773,10.62195815274082,10.34632230502277,10.555666215482026,497676000
2020-07-13,10.020841598510742,10.758529236288021,9.993676452273958,10.561896130622017,457076000
2020-07-14,10.344575881958008,10.370245583226325,9.754923801414622,10.043519465505362,542676000
2020-07-15,10.195295333862305,10.400401986816686,10.024330975606967,10.381711331238394,403984000
2020-07-16,10.103082656860352,10.17485723218441,9.864580050654846,9.983706812790839,344964000
2020-07-17,10.169628143310547,10.21648123621868,10.056234018427366,10.193553329198705,266284000
2020-07-20,10.477910995483398,10.498347129699528,10.125016909305023,10.242150107318647,284852000
2020-07-21,10.29623031616211,10.52700766109685,10.254610801910369,10.480153621616225,277036000
2020-07-22,10.406133651733398,10.56937169902662,10.259343569870337,10.335106315437658,367292000
2020-07-23,10.098102569580078,10.51404866466173,9.999910055373785,10.417351593403074,411660000
2020-07-24,10.16264820098877,10.332366209828724,9.746453097303164,9.844146479492238,473292000
2020-07-27,10.388938903808594,10.409125002734362,10.185824899038082,10.20028021077765,292132000
2020-07-28,10.183582305908203,10.349562180268707,10.177352403986625,10.341836835691455,271636000
2020-07-29,10.432801246643066,10.483392461698255,10.314671733951203,10.35828485037809,284508000
2020-07-30,10.580838203430176,10.589809909127565,10.263083717676144,10.342584609616207,308880000
2020-07-31,10.581585884094238,10.732862329216543,10.400403435187338,10.530246467863329,386080000
2020-08-03,10.975850105285645,11.06407362223194,10.68177171546466,10.698967881097097,412720000
2020-08-04,11.192667961120605,11.192667961120605,10.871923602576013,11.01547371807947,310336000
2020-08-05,11.251482963562012,11.33621740834804,11.131359868923353,11.20886713457281,249924000
2020-08-06,11.30008316040039,11.322512899492434,11.143823183452795,11.314288439996597,244316000
2020-08-07,11.164508819580078,11.468805276168764,11.00301526243381,11.27715568329685,342516000
2020-08-10,11.130117416381836,11.372607329678777,10.822580966628541,11.29883911936316,427796000
2020-08-11,10.816099166870117,11.101953046513376,10.762017958014871,11.039149215374144,354512000
2020-08-12,11.404505729675293,11.43117176234123,10.924011372164447,10.956410093231952,464412000
2020-08-13,11.407248497009277,11.685128017216774,11.32027133539724,11.509926382476056,374460000
2020-08-14,11.527868270874023,11.668178427339903,11.40475427741813,11.49397410879795,366436000
2020-08-17,12.298456192016602,12.370978995102666,11.780330371221996,11.814223591986787,621300000
2020-08-18,12.222443580627441,12.456959061064936,12.048489257386086,12.41110229962329,503448000
2020-08-19,12.10057544708252,12.2765233703233,12.06020134386817,12.25808179421536,622624000
2020-08-20,12.103065490722656,12.336334567902107,11.841634938674092,11.937584739924517,921388000
2020-08-21,12.643871307373047,12.768729832912399,12.157146090724416,12.163626025166954,999868000
2020-08-24,12.68050765991211,12.872157255268558,12.46842193112684,12.843496661926606,490564000
2020-08-25,12.710165023803711,12.721379418961828,12.534465227435302,12.591287301376083,289076000
2020-08-26,12.733092308044434,12.828293924014739,12.638139774083976,12.759260179498938,321244000
2020-08-27,12.58879566192627,12.809853106669115,12.527238176840562,12.741566604140369,317604000
2020-08-28,13.106670379638672,13.106919461625502,12.602999032124476,12.635397753609917,537160000
2020-08-31,13.332712173461914,13.532585255142017,12.997014305198189,13.141560764027844,500840000
2020-09-01,13.781939506530762,13.954200805159887,13.39852566947182,13.441902677517321,511316000
2020-09-02,14.305953025817871,14.685128306213809,13.860714188313516,14.662192595748122,874012000
2020-09-03,12.978716850280762,13.845260444460783,12.842353100022581,13.789668106532204,945128000
2020-09-04,12.586827278137207,13.137765599316985,11.671670624233515,12.747620723797114,1463684000
2020-09-08,11.87933349609375,12.514533392519368,11.671173660106842,11.701337769192085,795728000
2020-09-09,12.679065704345703,12.77304906619269,12.197180823219755,12.364955407822613,736200000
2020-09-10,12.276952743530273,13.02832305200499,12.13261126842844,12.952537643762804,698684000
2020-09-11,12.130121231079102,12.616741974034015,11.86213057539192,12.450214127832941,636928000
2020-09-14,12.835870742797852,13.277369443703995,12.595552620052931,13.044031507503707,1201744000
2020-09-15,12.95428466796875,13.261164645739267,12.791496079857982,13.242467447288245,727556000
2020-09-16,12.479132652282715,13.05574840144365,12.478385182667795,12.920631381307581,556384000
2020-09-17,12.428277015686035,12.55417048774901,12.000738664918519,12.097962968717573,792512000
2020-09-18,12.154802322387695,12.596799370290807,11.95486941343896,12.558159184804742,698460000
2020-09-21,12.481874465942383,12.487109605844456,11.87085613457434,11.891298381138371,721044000
2020-09-22,12.602033615112305,12.612254738465648,12.121147259352899,12.539461092372882,646452000
2020-09-23,12.089486122131348,12.691031745502505,12.045112487102367,12.539959208250757,647012000
2020-09-24,12.313100814819336,12.533975192030901,11.980045153558063,12.038130949476786,731240000
2020-09-25,12.83736801147461,12.847090822768344,12.211143456409951,12.412323105196108,588016000
2020-09-28,12.998160362243652,13.014863358178625,12.713965980713755,13.003395501882801,573808000
2020-09-29,13.188371658325195,13.404758385511137,12.896698771585024,12.9009363342939,621460000
2020-09-30,13.492260932922363,13.58400093299412,13.11308560645882,13.120314949362195,689184000
2020-10-01,13.576022148132324,13.723852784691054,13.42270626470049,13.719116909270102,525004000
2020-10-02,13.025334358215332,13.481291747029147,13.01411565780834,13.187624646988372,552496000
2020-10-05,13.603943824768066,13.605688871353124,13.185379898911647,13.19859280204667,479820000
2020-10-06,13.697678565979004,14.102032978540688,13.626380809703134,13.790914459177872,784420000
2020-10-07,13.924534797668457,14.079346579055626,13.824318723499319,13.960184149288075,418084000
2020-10-08,13.799638748168945,14.04469463444832,13.71911745108469,14.035220981274266,378900000
2020-10-09,13.723854064941406,13.785180804426698,13.622143047466686,13.728092578740656,346892000
2020-10-12,14.185794830322266,14.306453153633392,13.873181380351275,13.949963431015222,434744000
2020-10-13,14.207982063293457,14.30794898342948,13.979130851374755,14.256095898504283,344604000
2020-10-14,14.055415153503418,14.302215154360493,13.920547295974767,14.250112910824463,276100000
2020-10-15,13.930519104003906,13.966167506553901,13.728840211329564,13.771718907978359,267224000
2020-10-16,13.772467613220215,14.08159195628596,13.753521254907113,13.99708128900641,242392000
2020-10-19,13.459604263305664,13.943980731086796,13.368860883215268,13.863708582257603,298068000
2020-10-20,13.606937408447266,13.760751635813792,13.468828602427925,13.545112349251179,229212000
2020-10-21,13.486527442932129,13.752523915153827,13.439411181630257,13.586494369727017,219596000
2020-10-22,13.323240280151367,13.57328121989995,13.194355031137615,13.484283839051924,290480000
2020-10-23,13.55184268951416,13.554834469898108,13.253687904677285,13.411988843803893,233484000
2020-10-26,13.104107856750488,13.654049443039048,13.001648439419537,13.389050614607665,336896000
2020-10-27,13.35888957977295,13.404011636824983,13.154218903647598,13.268395358161618,250520000
2020-10-28,12.591313362121582,13.22252474700027,12.573364583775852,13.160699697842029,376520000
2020-10-29,12.98719310760498,13.1554660138975,12.713967290230828,12.802217203657106,320080000
2020-10-30,12.498576164245605,12.899937799353117,12.26523730159293,12.81368305368047,416820000
2020-11-02,12.545195579528809,12.800471655594036,12.359970526300085,12.621977632470886,299652000
2020-11-03,12.982705116271973,13.067963247210123,12.567132947229258,12.672584168776096,272900000
2020-11-04,13.755264282226562,13.788421117640945,13.299306917899862,13.351409157866682,410228000
2020-11-05,14.119980812072754,14.298474822817619,13.951458767531948,14.12247427911329,319028000
2020-11-06,14.520846366882324,14.547520380269175,13.85573156910833,14.069873998730214,383348000
2020-11-09,13.5922269821167,14.649979137332743,13.572283999885622,14.511372034851032,582976000
2020-11-10,12.733912467956543,13.56804773741218,12.592562718362345,13.56804773741218,644068000
2020-11-11,13.38007640838623,13.397028558432496,12.911653677760244,13.016855719657928,404744000
2020-11-12,13.418717384338379,13.72709323578539,13.278365251599475,13.440904674607381,365812000
2020-11-13,13.259422302246094,13.6301216064299,13.022344135985477,13.588738795094928,346312000
2020-11-16,13.477052688598633,13.610922952202792,13.11881795154377,13.135270839074693,413776000
2020-11-17,13.384317398071289,13.557825446558487,13.266152532392505,13.51419927789851,312028000
2020-11-18,13.39079761505127,13.567297422115457,13.147736883321748,13.42719443568386,510924000
2020-11-19,13.402264595031738,13.44938084827416,13.062976218821735,13.175407609922589,565936000
2020-11-20,13.050762176513672,13.456362356408038,13.028075619892086,13.41597712837111,341088000
2020-11-23,13.102866172790527,13.344680211351555,12.978717740926058,13.134027859031104,361356000
2020-11-24,12.921128273010254,13.124800391972848,12.848583792557987,13.105355724784348,346500000
2020-11-25,13.197346687316895,13.231998464127697,12.983204260344133,12.995668743539127,259916000
2020-11-27,13.223770141601562,13.369607527553674,13.133276881046438,13.337199113899981,167276000
2020-11-30,13.363622665405273,13.374592207207183,12.935586104106527,13.227509053085617,286952000
2020-12-01,13.352157592773438,13.490515534310754,13.190863938582352,13.454118713247741,296948000
2020-12-02,13.50622272491455,13.634857873549475,13.196849229808153,13.31277073789704,283360000
2020-12-03,13.362088203430176,13.625419831845909,13.295258375732002,13.553103135838985,199520000
2020-12-04,13.523926734924316,13.52567229706257,13.354855486379277,13.41445382920532,202244000
2020-12-07,13.572305679321289,13.696490796459141,13.465826368364203,13.56681976172367,223244000
2020-12-08,13.316204071044922,13.564324079450317,13.24787696533459,13.55060881228248,271920000
2020-12-09,12.898015022277832,13.380041314737568,12.835673244302757,13.266829003608608,401300000
2020-12-10,12.939410209655762,13.035666311730077,12.816970674668497,12.83642204019816,207764000
2020-12-11,12.980307579040527,12.98704059809741,12.790538797224235,12.934423547646242,209264000
2020-12-14,13.27505874633789,13.35485614840227,13.044394351268668,13.054867724617365,270156000
2020-12-15,13.326678276062012,13.429915680199645,13.153368199677006,13.405727038549072,193016000
2020-12-16,13.208975791931152,13.403232598358443,13.179051054569662,13.388519459800042,223116000
2020-12-17,13.307477951049805,13.34563109333452,13.145139698089288,13.332912745066178,231384000
2020-12-18,13.23840045928955,13.371063173538605,13.037410644516468,13.345128973204659,342064000
2020-12-21,13.298498153686523,13.336152830542087,12.934671634193958,13.041650336679222,302332000
2020-12-22,13.244636535644531,13.303487195405115,13.020954372775057,13.28553311154126,185580000
2020-12-23,12.97631549835205,13.241392657726472,12.972076683807492,13.222440704815508,179144000
2020-12-24,12.960855484008789,13.099254309600783,12.905995365301552,13.004245308957085,97884000
2020-12-28,12.867340087890625,13.029429059566203,12.730937034810676,13.029429059566203,212564000
2020-12-29,12.910484313964844,13.039407647160443,12.809740159389712,12.892281000253158,170372000
2020-12-30,13.112470626831055,13.180298320091246,12.864101391710939,12.95736387540619,225396000
2020-12-31,13.021951675415039,13.117708370603225,12.882305741851358,13.10324541208181,192424000
2021-01-04,13.080301284790039,13.617937253184316,12.929683536103846,13.071075014259156,560640000
2021-01-05,13.37081527709961,13.409466875715898,13.053869695169885,13.066587090865424,322760000
2021-01-06,12.582565307617188,13.21146898051102,12.554137853647285,13.189025903228465,580424000
2021-01-07,13.310215950012207,13.343881035545655,12.853874728555242,12.934669031315847,461480000
2021-01-08,13.243138313293457,13.387023047604911,13.008982809713672,13.328671807745605,292528000
2021-01-11,13.587017059326172,13.925658038034387,13.328672895304072,13.384780117393804,518344000
2021-01-12,13.45060920715332,13.71967684974337,13.311213496964104,13.717681106659821,291476000
2021-01-13,13.497493743896484,13.590507953024117,13.351115747658586,13.455849480783481,210028000
2021-01-14,13.166834831237793,13.565323438608075,13.147135183655683,13.54063633377197,283120000
2021-01-15,12.826945304870605,13.291515970941676,12.815973471680337,13.194512180604901,277780000
2021-01-19,12.99227523803711,13.060850617285398,12.8114835263608,12.983297246535697,226188000
2021-01-20,13.33191204071045,13.396497830583805,13.02369432546093,13.078554434272863,258572000
2021-01-21,13.832393646240234,13.963810217377501,13.219449255271742,13.384529967096498,337780000
2021-01-22,13.677786827087402,13.806710159590914,13.592752733898333,13.705217363843898,246820000
2021-01-25,13.618685722351074,13.793492119765828,13.202990795560247,13.746860401695985,251112000
2021-01-26,13.401236534118652,13.61020550800969,13.353606949991462,13.546118176029806,163980000
2021-01-27,12.885048866271973,13.199251020163084,12.76136222633586,13.19650758610802,371272000
2021-01-28,13.017959594726562,13.305979239074395,12.92768882723091,12.963348710272445,228316000
2021-01-29,12.956867218017578,13.30099413975038,12.87881537119387,13.041901314365193,271552000
2021-02-01,13.203490257263184,13.23715439869331,12.870085980865984,13.020205278479072,217204000
2021-02-02,13.522430419921875,13.537641067674336,13.251866385632363,13.364830415769966,220440000
2021-02-03,13.496244430541992,13.896478447639737,13.482279936064405,13.601476599281005,245408000
2021-02-04,13.629658699035645,13.638884970224268,13.30398530959993,13.496745791592817,201340000
2021-02-05,13.556593894958496,13.70247438504237,13.511458506523168,13.690255449271595,169152000
2021-02-08,14.402198791503906,14.437110037337458,13.692499775452918,13.692499775452918,434624000
2021-02-09,14.227140426635742,14.546329986008569,14.186493090155277,14.304443612962642,287560000
2021-02-10,14.726872444152832,14.867266051220547,14.305193162718751,14.426634817151003,485352000
2021-02-11,15.212141036987305,15.233587193911164,14.887216301615677,14.94232659903093,450828000
2021-02-12,14.923376083374023,15.25254061631727,14.737596888059311,15.011901299685418,374756000
2021-02-16,15.291440963745117,15.333584638692967,14.91215359677489,15.026114553341094,321960000
2021-02-17,14.868266105651855,15.184962479366524,14.74258466702624,15.13259465837078,274756000
2021-02-18,14.791459083557129,14.835596595171323,14.538101452879474,14.691711865021363,233868000
2021-02-19,14.888712882995605,15.138578451468971,14.809164714592843,14.986464363253281,271724000
2021-02-22,14.31940746307373,15.094939317725894,14.288735034962478,14.737346407000135,325884000
2021-02-23,14.10619831085205,14.20270363729607,13.355602807136345,14.039616770055638,391780000
2021-02-24,14.462294578552246,14.470025468875216,13.72117549358805,14.086997761084495,448320000
2021-02-25,13.273810386657715,14.338358769068824,13.182791929455446,14.00994196927011,824436000
2021-02-26,13.679779052734375,13.819424002112445,13.327173653035002,13.717682002379942,500932000
2021-03-01,13.806707382202148,13.889746666219848,13.518937936818386,13.839873059537098,353184000
2021-03-02,13.372310638427734,13.885258561465347,13.362086496082524,13.864810276774925,264116000
2021-03-03,12.772335052490234,13.417447294302892,12.766349724081724,13.392261732487302,377592000
2021-03-04,12.338932991027832,12.942152626176636,12.053158322653045,12.768343159561567,573344000
2021-03-05,12.429951667785645,12.518227637153796,11.649681669205307,12.518227637153796,542840000
2021-03-08,11.5639009475708,12.439677521258226,11.537218104389597,12.418481545794283,543112000
2021-03-09,12.492865562438965,12.589153938315821,12.032873437278445,12.103718242398234,521824000
2021-03-10,12.440978050231934,12.951607951373877,12.430251746774527,12.812413419388816,384376000
2021-03-11,12.965080261230469,13.017715472154405,12.706646923354501,12.921675458094253,299916000
2021-03-12,12.827881813049316,12.860560312963372,12.56246380324971,12.620585875881567,243964000
2021-03-15,13.162396430969238,13.177862596103703,12.73932406561376,12.836610650163514,221988000
2021-03-16,13.262177467346191,13.48294309504035,13.088058697454366,13.327284186317586,272128000
2021-03-17,13.312068939208984,13.423823473024308,12.96108795326857,13.011228094117202,243864000
2021-03-18,12.694670677185059,13.155161360505517,12.689182867740671,13.107765604480443,293896000
2021-03-19,12.817652702331543,12.89323736664005,12.584913218552433,12.7221122782948,299208000
2021-03-22,13.157408714294434,13.365203274729533,12.878520030210659,12.884507424650533,297804000
2021-03-23,13.042160987854004,13.315311575846243,12.992768793301414,13.22525896166091,222048000
2021-03-24,12.615346908569336,13.13046837674371,12.609111149508385,13.1224855013031,245840000
2021-03-25,12.507832527160645,12.686940502112732,12.245158910744486,12.47216128314272,295144000
2021-03-26,12.811165809631348,12.828128822785654,12.34643482196047,12.527038669855795,363968000
2021-03-29,12.919928550720215,13.033928838288299,12.672221531884153,12.792208261932126,273520000
2021-03-30,12.843595504760742,12.946869484663598,12.677210282642816,12.813910706339417,200204000
2021-03-31,13.31905460357666,13.441036818007415,12.954104273344193,12.987032086914477,314776000
2021-04-01,13.78154182434082,13.83966389665821,13.481698199804311,13.542565604865128,308276000
2021-04-05,13.956905364990234,13.983347150384231,13.702961643984072,13.8371679548941,255672000
2021-04-06,13.831180572509766,14.023508948217044,13.743373709319306,13.969128528914258,191744000
2021-04-07,14.112565040588379,14.212345745226544,13.681509770167526,13.8503891147305,251284000
2021-04-08,14.285683631896973,14.439845688901574,14.217831582190753,14.221574178840234,244416000
2021-04-09,14.368502616882324,14.376485491570246,14.143995328499123,14.182909582580404,195172000
2021-04-12,15.175735473632812,15.31892194687331,14.108325330518923,14.2584964633522,869324000
2021-04-13,15.645204544067383,15.665659888021139,15.092665699100655,15.198184480501855,676212000
2021-04-14,15.243584632873535,15.686114119457885,15.194192441181238,15.590823016791958,385500000
2021-04-15,16.101953506469727,16.17878474757404,15.597309090815079,15.628241420804386,598480000
2021-04-16,15.877694129943848,16.130390304662303,15.830546736316233,16.01788592380803,335208000
2021-04-19,15.328149795532227,15.772925068709624,15.199681555105782,15.502517902458697,404420000
2021-04-20,15.138065338134766,15.463102203802215,14.930270810439842,15.2897323339473,334132000
2021-04-21,15.32690143585205,15.328896916496383,15.069216084835492,15.085679513842445,216776000
2021-04-22,14.817769050598145,15.404732561298331,14.751164524185567,15.341371048130137,277788000
2021-04-23,15.231863021850586,15.301460301608195,14.867661555012145,14.90158663664739,227500000
2021-04-26,15.444144248962402,15.445142465109392,15.091916687323039,15.15178586643442,197796000
2021-04-27,15.348103523254395,15.636221596795826,15.320912841584207,15.544422833233098,164572000
2021-04-28,15.243335723876953,15.498277676293545,15.182219958648238,15.330894227668153,209416000
2021-04-29,15.291231155395508,15.402736381978652,15.038534950223827,15.36631623880317,173196000
2021-04-30,14.976669311523438,15.331391948089882,14.964196843057776,15.141309320988226,201912000
2021-05-03,14.804298400878906,15.21340147755802,14.75515647295377,15.091917896623228,203912000
2021-05-04,14.319859504699707,14.60548351021586,13.979605762771778,14.605234194064387,405324000
2021-05-05,14.426876068115234,14.781100101801474,14.356031261377987,14.676827896830993,292024000
2021-05-06,14.491233825683594,14.539378487118478,14.186901594652294,14.46354450761362,193380000
2021-05-07,14.779850006103516,14.938003023510056,14.639657265536973,14.775859044936462,229328000
2021-05-10,14.23454761505127,14.773615795008425,14.218832132261557,14.754906615043028,268904000
2021-05-11,14.274957656860352,14.323351634044649,13.719924719305602,13.794760482002326,285584000
2021-05-12,13.728407859802246,14.229060437427753,13.679265928326647,13.978858330909597,303408000
2021-05-13,13.635358810424805,14.049950595936458,13.429559766023772,14.003052519447177,285404000
2021-05-14,14.211844444274902,14.296658550664981,13.718425969261272,13.85961691969852,258616000
2021-05-17,14.134515762329102,14.138257407772128,13.823198871455904,14.126034255250337,216980000
2021-05-18,13.985095024108887,14.372745519517464,13.973370502654468,14.235795762666928,186256000
2021-05-19,14.03498649597168,14.048706499059273,13.513629233408702,13.536828009610145,344000000
2021-05-20,14.580538749694824,14.65163286884981,14.23928678743322,14.27121638379957,321592000
2021-05-21,14.958956718444824,15.188703425984997,14.836974524702576,15.130580416079416,672992000
2021-05-24,15.577855110168457,15.710563644329422,15.142807873342774,15.179228020538691,554816000
2021-05-25,15.613523483276367,15.783899665814532,15.448635110688258,15.731514727761729,435408000
2021-05-26,15.665657997131348,15.75920293057551,15.552157306044998,15.699833338314958,370440000
2021-05-27,15.454123497009277,15.71555051632216,15.426184862339127,15.665410373290658,581476000
2021-05-28,16.208967208862305,16.241895971116058,15.467094680123962,15.467094680123962,644536000
2021-06-01,16.228923797607422,16.352403800369448,15.868464047555406,16.23441255900083,472804000
2021-06-02,16.741552352905273,16.881746071409232,16.19999004949202,16.216703748851284,594168000
2021-06-03,16.932636260986328,17.22125498992199,16.546732821979486,16.66422546779681,580008000
2021-06-04,17.5398006439209,17.622368055128227,17.05810666050364,17.075067769868372,617120000
2021-06-07,17.58046531677246,17.77354263442321,17.15514900611069,17.532821181039893,575756000
2021-06-08,17.418819427490234,17.582958923593143,17.21326870411962,17.488915337757103,323848000
2021-06-09,17.324251174926758,17.540577737096076,17.221952924975888,17.481443908099,381656000
2021-06-10,17.390872955322266,17.45774307819324,17.142361968917207,17.316020982496898,287772000
2021-06-11,17.79033660888672,17.90411363882301,17.409583602817733,17.4452630164284,416308000
2021-06-14,17.983457565307617,18.004166969872166,17.628155834968865,17.870929296898357,321376000
2021-06-15,17.753658294677734,17.980962987632783,17.693277600448408,17.879911606048573,243032000
2021-06-16,17.775365829467773,17.91958353995756,17.55005801824615,17.755905195170822,307124000
2021-06-17,18.620704650878906,18.79810611840695,17.72147040936355,17.739684174936865,809656000
2021-06-18,18.602243423461914,19.337051296587735,18.547600217514674,18.74720925040845,968856000
2021-06-21,18.39116096496582,18.500198024071427,17.787845033883595,18.39914471862578,672384000
2021-06-22,18.84975814819336,18.926608906477334,18.349989315922674,18.43532257349855,580144000
2021-06-23,19.019926071166992,19.115239981737396,18.87071896862218,18.970523502620498,332356000
2021-06-24,19.167888641357422,19.381969002613765,19.050867815752664,19.19009619510468,320924000
2021-06-25,18.99372673034668,19.30761156950993,18.85749466808226,19.242738343073697,278364000
2021-06-28,19.94585609436035,20.03942246672652,19.28116021957744,19.323327144916856,495436000
2021-06-29,19.98752784729004,20.0593854330577,19.618501034039646,19.84355949521781,367632000
2021-06-30,19.963321685791016,20.123008141898186,19.82484337892794,19.960077929726754,326568000
2021-07-01,20.172412872314453,20.415934458571698,19.979790088281508,20.085583376246788,480136000
2021-07-02,20.446870803833008,20.46508647311361,20.248011813789205,20.400213258209888,342764000
2021-07-06,20.657962799072266,20.80118113777911,20.310395391135646,20.69688597806527,446708000
2021-07-07,20.331850051879883,20.8341145152586,20.292178758495766,20.812656990353336,418428000
2021-07-08,19.863765716552734,20.093564122900922,19.6621617169279,19.817606917401573,503300000
2021-07-09,20.010976791381836,20.040918715853827,19.71555703698652,19.923399184588114,296624000
2021-07-12,20.472326278686523,20.492535034513597,20.14821141495392,20.20035899004123,321984000
2021-07-13,20.21034049987793,20.421177072633764,20.074607174846243,20.360545091713128,290708000
2021-07-14,19.80263900756836,20.377760476462427,19.714063893797253,20.317878521725746,380100000
2021-07-15,18.929101943969727,19.80812755137837,18.821563045317962,19.772946881797132,550564000
2021-07-16,18.125429153442383,19.119478676564796,18.037602165140598,18.993227261905172,688224000
2021-07-19,18.742971420288086,19.00470680886536,17.830510618055737,17.88016446386464,749060000
2021-07-20,18.575546264648438,18.801103456143284,18.12842375795582,18.693315181670442,434687000
2021-07-21,19.371984481811523,19.48875591069997,18.70529352111529,18.8450187156054,371017000
2021-07-22,19.55562400817871,19.848049421651616,19.238246035598664,19.603530332750754,323826000
2021-07-23,19.519697189331055,19.661419287341204,19.21229982860389,19.617504834776412,195672000
2021-07-26,19.256214141845703,19.403923102253973,18.876957289741938,19.273181046040857,203943000
2021-07-27,19.170377731323242,19.583566393449697,18.704291478525434,19.227265294286486,248863000
2021-07-28,19.464797973632812,19.607517516369594,18.95779361775231,19.281158375800597,202191000
2021-07-29,19.623489379882812,19.814115259602676,19.290142035937052,19.480767915656916,190781000
2021-07-30,19.460813522338867,19.591555584870218,19.22527564605388,19.379970874276353,183497000
2021-08-02,19.71131706237793,19.921904233138225,19.323079030267465,19.661415755310717,217444000
2021-08-03,19.776187896728516,20.182390274194812,19.182352134817574,19.70133404155252,301811000
2021-08-04,20.234291076660156,20.278205521702283,19.78916357102333,19.950846929194604,231309000
2021-08-05,20.596580505371094,20.692393154502234,20.302158201908725,20.45984969496931,211435000
2021-08-06,20.326112747192383,20.529713688642694,20.170418133567217,20.483804250982395,178497000
2021-08-09,20.255252838134766,20.467835028243996,20.103550099834685,20.405956179536695,146443000
2021-08-10,19.896955490112305,20.3899874565726,19.796151565943244,20.282199176211822,179238000
2021-08-11,19.66042137145996,20.009736320835124,19.39194907291539,20.00374755330397,185925000
2021-08-12,19.86601448059082,19.989770257125812,19.581572837770192,19.831083184357613,151652000
2021-08-13,20.148460388183594,20.174410440365634,19.812120528310967,19.866015619081058,183063000
2021-08-16,19.910926818847656,20.247266666197447,19.414898595152216,20.095563946017467,210876000
2021-08-17,19.419885635375977,19.73127476041715,19.229259783534665,19.64644026948646,204585000
2021-08-18,19.002708435058594,19.595544866678445,18.962785866867872,19.461806547574923,285913000
2021-08-19,19.759225845336914,20.454861269634367,18.725253653836848,19.455820378156627,766555000
2021-08-20,20.77522850036621,20.82413231277957,19.893958576601463,19.951843634128345,675741000
2021-08-23,21.914989471435547,21.953912637697005,20.90896449211399,20.92992326653267,575807000
2021-08-24,21.750316619873047,21.915991866302953,21.492822504104275,21.71039595169489,297299000
2021-08-25,22.169492721557617,22.42598932810224,21.67945517617645,21.694425187857046,347701000
2021-08-26,22.024778366088867,22.296244986769413,21.747322979236767,22.156519800185734,237940000
2021-08-27,22.59166717529297,22.677499186315313,22.1235858467584,22.14055275031009,304722000
2021-08-30,22.643566131591797,22.997870420582704,22.506835308984314,22.785288227910794,262580000
2021-08-31,22.34510040283203,22.654547314624754,22.080573357585745,22.654547314624754,259850000
2021-09-01,22.400999069213867,22.6565432689924,22.317149164147136,22.444921264036402,201767000
2021-09-02,22.356077194213867,22.5527265281326,22.255257402579083,22.477859460229688,187834000
2021-09-03,22.80228042602539,22.945025163564388,22.160426989655846,22.28520416436348,280532000
2021-09-07,22.621606826782227,22.85818389928316,22.481855074765093,22.792301556058288,198107000
2021-09-08,22.29918098449707,22.56969783016477,21.937824840229606,22.472870612760197,254434000
2021-09-09,22.137466430664062,22.497822958424248,22.09154890429937,22.2722260026907,196856000
2021-09-10,22.437931060791016,22.585666045977288,22.230301661552243,22.3081617342925,248376000
2021-09-13,22.11251449584961,22.92306738036152,21.819037926230113,22.643565794821583,297500000
2021-09-14,22.20235252380371,22.37005231992242,22.046630468572637,22.235292739206184,199755000
2021-09-15,22.30117416381836,22.327128790605283,21.926842645088676,22.269231618806316,166538000
2021-09-16,22.20235252380371,22.23728998132844,21.887913502132495,22.143457680555073,156033000
2021-09-17,21.860963821411133,22.28121293503668,21.791088897999387,22.260250458013157,294503000
2021-09-20,21.075366973876953,21.394796269672202,20.62517066753281,21.108307191830807,349440000
2021-09-21,21.208127975463867,21.386807845872013,20.912656086018604,21.37882268516904,204688000
2021-09-22,21.901887893676758,21.920853125557176,21.158215095129172,21.327912128787432,268726000
2021-09-23,22.441926956176758,22.494831982851498,21.850981216288375,22.100535599860237,248555000
2021-09-24,22.04163932800293,22.109518907997682,21.822032170050097,22.030659255697596,217655000
2021-09-27,21.62139129638672,21.760143470518976,21.2869893416157,21.67130141072756,245215000
2021-09-28,20.66210174560547,21.380819505247572,20.61418697443618,21.17618501067139,343069000
2021-09-29,20.480426788330078,20.97953549307052,20.430514775486866,20.90267308763545,218394000
2021-09-30,20.6790714263916,21.028447899952347,20.65112146082263,20.730978777298063,221009000
2021-10-01,20.705026626586914,20.821816741395786,20.166985966603068,20.71301178727077,240978000
2021-10-04,19.696826934814453,20.505382530506473,19.520142401715756,20.467450161052863,345635000
2021-10-05,20.414546966552734,20.61119632306067,19.81861097790981,19.914440531201745,279282000
2021-10-06,20.663103103637695,20.683066006725557,20.044207413142928,20.08413702721624,297202000
2021-10-07,21.037431716918945,21.283991146995888,20.934614688656062,21.05439970617636,256919000
2021-10-08,20.793867111206055,21.168198655581648,20.737967177618067,21.06338628010417,151258000
2021-10-11,20.658109664916992,21.025453714167025,20.474437640291974,20.53832463804558,163388000
2021-10-12,20.634151458740234,21.01946305631361,20.491406720482697,20.79087117970902,162134000
2021-10-13,20.901670455932617,20.952580130398154,20.676073521950528,20.88070798479063,180652000
2021-10-14,21.70723533630371,21.716218165545374,21.084347145675174,21.2500515955608,243589000
2021-10-15,21.823030471801758,21.89190772292581,21.623388114406936,21.771123116168322,226994000
2021-10-18,22.182384490966797,22.251261726908208,21.605413883313947,21.710228144586907,189494000
2021-10-19,22.250263214111328,22.339103345258327,21.99771399322036,22.236286329716435,161473000
2021-10-20,22.0636043548584,22.393016088228258,21.942819735297952,22.26524397589859,146276000
2021-10-21,22.651548385620117,22.670515521260796,22.043634743194115,22.057609725687847,187590000
2021-10-22,22.685489654541016,23.08876883510016,22.520784764956712,22.782316869271607,249384000
2021-10-25,23.124704360961914,23.313366624665722,22.72941036695993,22.93204761316031,230235000
2021-10-26,24.67293930053711,25.213974869371594,23.881353608778358,23.946238274906523,485898000
2021-10-27,24.407413482666016,25.04527433046167,24.238714120183378,24.43037319839513,245990000
2021-10-28,24.896541595458984,24.905526329388703,24.479287429286938,24.833654169797057,234204000
2021-10-29,25.521425247192383,25.663172324583815,24.955436510698554,24.956434179821755,292503000
2021-11-01,25.780960083007812,25.847840084274786,25.182029270853185,25.603277891011974,265740000
2021-11-02,26.35393714904785,26.630443800586487,25.754008647795548,25.775970695234736,294112000
2021-11-03,26.550588607788086,26.736257885079084,26.18823669145558,26.622460770347384,239910000
2021-11-04,29.74787712097168,31.30908830102063,27.06965929215075,27.1804614836932,1153631000
2021-11-05,29.698965072631836,31.344026169769215,29.357573760166225,30.133189111166136,851260000
2021-11-08,30.74909019470215,31.044562078228413,29.853687906602364,30.095257100540373,503101000
2021-11-09,30.60235023498535,32.25240536927589,29.910586692885936,32.22445540409807,646746000
2021-11-10,29.40648651123047,30.795007684124137,28.726700694204265,29.303671381538468,636206000
2021-11-11,30.335826873779297,30.53547111994607,29.72392062926723,30.41368885328482,332172000
2021-11-12,30.335826873779297,30.625310840326254,29.577181403873656,29.956505090800796,413054000
2021-11-15,29.971481323242188,30.589377463979112,29.194868197276868,30.497542394456953,384909000
2021-11-16,30.14916229248047,30.335829239294053,29.65304845353224,29.70595538237963,264484000
2021-11-17,29.208837509155273,30.454613856525594,28.74865886986643,30.363774569901803,428508000
2021-11-18,31.6185359954834,32.701600981553746,31.265166937653447,32.3093037900349,781711000
2021-11-19,32.92620086669922,33.029017896497656,31.848126173173046,32.1855229924307,533867000
2021-11-22,31.89903450012207,34.585237499045725,31.843134569619874,33.457250774716556,754335000
2021-11-23,31.689409255981445,32.30231504757292,30.824951877188276,31.47878494694513,532163000
2021-11-24,32.615753173828125,32.796430268773015,30.872865407724007,31.404916194627244,435162000
2021-11-26,31.44684410095215,32.651691371674744,31.294116955311978,32.541886844605834,283069000
2021-11-29,33.316505432128906,33.35244056007408,31.97889388198749,32.30830747192931,454964000
2021-11-30,32.61775207519531,33.293547238259045,31.807201135850928,33.1098733083412,622066000
2021-12-01,31.3828067779541,33.233730509017,31.327897791811758,33.163847037265576,484368000
2021-12-02,32.07265853881836,32.42407527825426,30.973486769169387,31.16217404160202,472890000
2021-12-03,30.64204216003418,32.07565883655849,30.07997526142237,31.946871396495098,544325000
2021-12-06,29.98712921142578,30.190789071404463,27.991447670105416,29.830388390939543,658938000
2021-12-07,32.37316131591797,32.395127959045375,30.600110843618886,30.905604468520064,593053000
2021-12-08,31.77315902709961,32.23638934166426,31.368830769181603,31.945872127735292,475551000
2021-12-09,30.439374923706055,32.15152943630747,30.37747759278244,31.681308898695704,488507000
2021-12-10,30.14786148071289,31.253023852068488,29.81142111664036,31.09828051683146,488825000
2021-12-13,28.114242553710938,30.243702380556975,28.069317192701146,30.198777019547183,598344000
2021-12-14,28.289947509765625,28.630380897695307,27.204752533680146,27.653006394167146,667035000
2021-12-15,30.408428192138672,30.449360484950862,27.79177958037332,28.352846759249026,698297000
2021-12-16,28.339866638183594,31.108263190119512,28.046356062123596,31.100277051829675,707366000
2021-12-17,27.754838943481445,28.873977889427657,27.713906655561953,27.938533439355357,713758000
2021-12-20,27.672977447509766,28.097271049755637,27.099931065404437,27.259665261839245,461847000
2021-12-21,29.02672004699707,29.071645398068522,27.35549812964779,28.32688388466556,524385000
2021-12-22,29.351184844970703,29.50592817367341,28.401763640214508,28.843031098779086,395184000
2021-12-23,29.590787887573242,30.009092843460877,29.382135257364602,29.70559672375242,343022000
2021-12-27,30.893619537353516,31.035383962810204,29.59078601588562,29.61075326548385,403686000
2021-12-28,30.271652221679688,31.277977905348152,29.962165591356168,31.260008143886495,420591000
2021-12-29,29.951187133789062,30.497279803008535,29.31724123086997,30.222736781538188,343139000
2021-12-30,29.53687858581543,30.4064327474698,29.49095543219482,29.77747767481591,308864000
2021-12-31,29.362163543701172,29.980137105910405,29.282296456577313,29.624727330491215,266530000
2022-01-03,30.070985794067383,30.66000627931691,29.7355432643999,29.765494136324673,391547000
2022-01-04,29.241371154785156,30.417414835885722,28.30193349857539,30.22673196562964,527154000
2022-01-05,27.558164596557617,29.367156106933656,27.487283342694774,28.900930584702312,498064000
2022-01-06,28.13121795654297,28.3907865291219,27.020066811811066,27.594111045626185,454186000
2022-01-07,27.20176124572754,28.37481152274753,27.012076171656993,28.094277933052773,409939000
2022-01-10,27.354507446289062,27.423393129443014,25.601422412131438,26.53686698684518,594681000
2022-01-11,27.770814895629883,28.018404238255883,26.79443993254991,27.277635601334605,404089000
2022-01-12,27.952512741088867,28.547521945653298,27.562161186858624,28.02039872605383,383413000
2022-01-13,26.53087615966797,28.432711916840443,26.454002439892395,28.331879782801753,540171000
2022-01-14,26.897266387939453,27.151844065989813,26.166481411018356,26.256332132191215,395832000
2022-01-18,25.85999298095703,26.59377326564465,25.72721438047937,26.2164006022105,424270000
2022-01-19,25.025379180908203,26.49892832131284,25.010404695653143,26.0356999320055,488315000
2022-01-20,24.10990333557129,25.536531617661183,24.038022374582336,25.261988581437013,435181000
2022-01-21,23.335195541381836,24.781789348955137,23.22437976023664,23.467974158799773,718958000
2022-01-24,23.333194732666016,23.34118087123155,20.853319714976386,22.29292496932322,913982000
2022-01-25,22.28693199157715,22.904905572344614,21.96347056463895,22.5085634982334,664616000
2022-01-26,22.73418617248535,24.017052261754255,22.262969812456795,23.201409463998974,755959000
2022-01-27,21.90756607055664,23.955161337957513,21.639011692590543,23.528870251058976,573353000
2022-01-28,22.802078247070312,22.820048010786028,21.2606411698598,21.975451978511124,543774000
2022-01-31,24.445344924926758,24.46830745303142,23.01372584022643,23.143509157916917,564680000
2022-02-01,24.597095489501953,25.103253717255267,23.85033625236034,25.062321421500396,518925000
2022-02-02,25.200092315673828,25.77413652411393,24.512235152700143,25.751175898285492,543419000
2022-02-03,23.908235549926758,25.035360614903343,23.7405152363661,24.417388950040785,410178000
2022-02-04,24.27861785888672,24.59409311674788,23.592758367545358,23.932193940298127,354829000
2022-02-07,24.68694496154785,25.140189757444848,24.161817299723978,24.33153512640469,376868000
2022-02-08,25.066312789916992,25.188109973378168,23.940185358317635,24.31855581216835,410359000
2022-02-09,26.660659790039062,26.68062703967792,25.31090532386906,25.57945778603928,524282000
2022-02-10,25.78112030029297,26.88029199241875,25.557493212952927,25.951837797639563,513200000
2022-02-11,23.90923309326172,26.108576124561857,23.733526643975967,25.87296793175538,605472000
2022-02-14,24.22671127319336,24.833701652225905,23.715560277682595,23.894263948675658,440424000
2022-02-15,26.45100975036621,26.50092597097795,24.74285017482241,24.90757522618656,699869000
2022-02-16,26.46697998046875,26.537863140940146,25.509572699884902,26.215399506016617,732676000
2022-02-17,24.46630859375,25.742186483134226,24.124877394367978,25.587443159331453,810595000
2022-02-18,23.60274887084961,24.944517374991335,23.0616489021975,24.627044538271853,761255000
2022-02-22,23.35116195678711,24.02404261438531,22.96181013342797,22.99675186607909,633422000
2022-02-23,22.349828720092773,24.114894762773204,22.263972973204215,23.762480228980326,566511000
2022-02-24,23.70856475830078,23.76047845607352,20.855310771280255,20.98010320414657,735801000
2022-02-25,24.116891860961914,24.176791710137138,23.342181178525813,23.68161683082187,528866000
2022-02-28,24.344511032104492,24.62404680167832,23.667637295528454,23.95216392519215,477319000
2022-03-01,23.438016891479492,24.33652400952197,23.093590432350926,24.25066636648078,412056000
2022-03-02,24.183902740478516,24.372622143771075,23.38010408188159,23.720595472214217,389642000
2022-03-03,23.678661346435547,24.289748837084414,23.434025615218154,24.22584313015337,365095000
2022-03-04,22.901819229125977,23.64470992553815,22.44849535444989,23.349151527595453,431415000
2022-03-07,21.32017707824707,22.998673440750736,21.298210506121205,22.782993850535895,450821000
2022-03-08,21.481935501098633,22.33965450203602,20.619222885631505,21.27724110901547,557467000
2022-03-09,22.97970199584961,23.185394367769312,22.213844863846813,22.353635611315923,492742000
2022-03-10,22.624235153198242,22.754040584396947,21.84939060205411,22.497423605794957,428066000
2022-03-11,22.06706428527832,23.110506975941554,22.01314390939732,22.987689188437532,367209000
2022-03-14,21.29821014404297,22.228820318728076,21.12746547113503,21.836406388025072,385354000
2022-03-15,22.938758850097656,23.00366250236793,21.290220556676502,21.485927570007107,491996000
2022-03-16,24.459495544433594,24.56034486331442,23.137469206995515,23.46497952691432,671422000
2022-03-17,24.72909164428711,24.80497668926542,23.870372704390515,24.08405447817584,471941000
2022-03-18,26.413578033447266,26.529406294109233,24.587305098288375,24.762043546046197,730719000
2022-03-21,26.694156646728516,27.111534860017848,25.92829953534137,26.467495668789798,591727000
2022-03-22,26.484474182128906,27.197410882322774,26.0331480863701,26.687170788445144,547007000
2022-03-23,25.59579849243164,26.572339716942118,25.53688640474462,26.08706394055433,502120000
2022-03-24,28.108049392700195,28.27779612825921,25.868391968189446,26.12700677334034,877379000
2022-03-25,27.65073013305664,28.315737960951427,27.230358020391172,27.84444125922463,579016000
2022-03-28,28.17694854736328,28.20790248898893,27.16545760949653,27.71463915464083,425494000
2022-03-29,28.613296508789062,28.90286335581957,27.938303300567007,28.65223794852146,488984000
2022-03-30,27.648733139038086,28.453531684725228,27.462011557556274,28.261818392904335,463487000
2022-03-31,27.24533462524414,28.20590083771921,27.22935962818796,27.740595719601412,523440000
2022-04-01,26.672191619873047,27.45502363901107,26.22785509776325,27.334203673017093,517235000
2022-04-04,27.31922721862793,27.516932102328365,26.573340698508392,26.688169090583745,397120000
2022-04-05,25.892356872558594,27.27828893534931,25.78152222598664,27.21338526635959,436615000
2022-04-06,24.370624542236328,25.2622933065519,23.96722731524635,24.89683955279914,703833000
2022-04-07,24.17192268371582,24.685156601846888,23.443011069347975,24.404575242698815,557992000
2022-04-08,23.084543228149414,23.887345810332338,23.02762897247493,23.88135423462788,524781000
2022-04-11,21.884334564208984,22.286733808249235,21.6277176293122,22.180892796983603,575207000
2022-04-12,21.471956253051758,22.691137491631736,21.25028693694631,22.503417907714887,662258000
2022-04-13,22.16990852355957,22.46646676859581,21.423024124718566,21.695617970938446,516943000
2022-04-14,21.226318359375,22.743055580371742,21.131460624678123,22.471459680760894,569097000
2022-04-18,21.750539779663086,22.055083666940355,21.047588412617543,21.16840838713387,525701000
2022-04-19,22.164918899536133,22.33965734015811,21.282235522822155,21.6876306095713,512781000
2022-04-20,21.44999122619629,22.63622077972926,21.168411829964914,22.483448878342738,468974000
2022-04-21,20.152923583984375,22.358631336623358,19.970195729327173,21.676648588732977,656209000
2022-04-22,19.48591423034668,20.455467722123217,19.47093719579181,20.272739901628956,624713000
2022-04-25,19.872343063354492,19.915278254714234,19.067544384147862,19.173385420548957,641566000
2022-04-26,18.760000228881836,19.758509922421833,18.64217605457202,19.68861454859501,653143000
2022-04-27,18.387557983398438,19.1384362193415,18.26274426449241,18.570283927104484,499460000
2022-04-28,19.752519607543945,20.00714066217904,18.462445183944375,18.938733622082346,570327000
2022-04-29,18.51936149597168,20.09800480982903,18.4894055173981,19.373086888003254,500435000
2022-05-02,19.503894805908203,19.544832172934576,18.36359630294147,18.513372406921704,572049000
2022-05-03,19.57278823852539,19.795457400172918,19.10448728291866,19.37108959561253,475751000
2022-05-04,20.303695678710938,20.369597303040585,18.723054655992087,19.89330889681918,648855000
2022-05-05,18.815914154052734,19.895302371911562,18.47242699993512,19.837390157764972,626331000
2022-05-06,18.64716911315918,19.482921680420777,17.963190456897568,18.708079031615256,633297000
2022-05-09,16.924741744995117,18.22779542444679,16.801923943519693,18.00712599442022,644455000
2022-05-10,17.56878089904785,18.170883005035126,16.999630564197307,17.662640691957996,761474000
2022-05-11,16.605215072631836,17.726542535689873,16.543309102981745,17.321147470140332,670167000
2022-05-12,16.150894165039062,16.76298149965486,15.54380139786344,16.19482921795703,708728000
2022-05-13,17.67961311340332,17.90128240110297,16.568272791130713,16.762981888811495,670437000
2022-05-16,17.238271713256836,17.76149097316578,17.080508137659688,17.482907432187133,521446000
2022-05-17,18.14990997314453,18.343621089228208,17.607719963945716,18.047062839170657,585830000
2022-05-18,16.912755966186523,18.090997643189556,16.83886684721538,17.678613056238493,545161000
2022-05-19,17.098480224609375,17.660640897431914,16.709060156263103,16.911758641120088,621310000
2022-05-20,16.66912269592285,17.38405531019267,15.731521872600373,17.306172430180016,739105000
2022-05-23,16.872819900512695,16.8897947657689,16.154891466587518,16.249749215248556,639889000
2022-05-24,16.129924774169922,16.5722653567093,15.756482555895747,16.485395120803982,588550000
2022-05-25,16.949703216552734,17.085500221228898,15.976155839200233,15.996126491080718,781132000
2022-05-26,17.82439613342285,18.065036189309456,15.998121456043195,16.01210053062162,996575000
2022-05-27,18.78296661376953,18.85286198739482,18.07302578186419,18.158898057106445,738379000
2022-05-31,18.644176483154297,19.171389553024493,18.322655814178496,18.951716170907666,664100000
2022-06-01,18.292695999145508,19.02460335515626,18.0949911393861,18.696095121189064,544514000
2022-06-02,19.562801361083984,19.589761549956243,18.17087971947534,18.26473949541427,648656000
2022-06-03,18.692102432250977,19.303191835749494,18.494397541135466,19.053564390265077,598779000
2022-06-06,18.758005142211914,19.30818465793029,18.536335835975503,19.11047975543617,422406000
2022-06-07,18.897798538208008,18.971687674946523,18.160897380063037,18.44447458144695,388914000
2022-06-08,18.6241512298584,19.1554704276452,18.51129488030824,18.77495718183472,363252000
2022-06-09,18.02490997314453,18.908777944947435,18.017918959326458,18.457356562773256,395574000
2022-06-10,16.952287673950195,17.674362380758854,16.847420542929978,17.577486341900993,465248000
2022-06-13,15.626985549926758,16.291134881225393,15.58603762907859,15.979533699772945,604153000
2022-06-14,15.815742492675781,16.04544781168294,15.392284148777547,15.710876316967129,469680000
2022-06-15,16.505861282348633,16.846424724197163,15.90562921694011,16.074412726931428,563936000
2022-06-16,15.581042289733887,15.921606622517551,15.38129832975535,15.839710789340169,545749000
2022-06-17,15.859685897827148,15.974538557468978,15.308391988601153,15.627982329327754,630334000
2022-06-21,16.544809341430664,16.986243386755977,16.386012332405663,16.4539261416444,483089000
2022-06-22,16.339073181152344,16.64068691370497,16.159303129246847,16.205243814426826,437135000
2022-06-23,16.20424461364746,16.563782789727732,15.832719799795274,16.497867235207003,463680000
2022-06-24,17.104089736938477,17.1180717654359,16.289133681115587,16.47889114280101,472153000
2022-06-27,16.84741973876953,17.307830444412946,16.604730567119148,17.289853821496003,427968000
2022-06-28,15.961557388305664,17.179996171072997,15.924604060610628,16.878382420849093,461149000
2022-06-29,15.522117614746094,15.799761859563224,15.15059375718044,15.79376996942057,482352000
2022-06-30,15.139608383178711,15.547086445265439,14.842988386307411,15.341349641249797,686070000
2022-07-01,14.50442123413086,15.043730401705298,14.373589250036863,14.879940640439832,577610000
2022-07-05,14.94485855102539,14.951849566498286,14.03702185442208,14.156868242152196,651397000
2022-07-06,15.110645294189453,15.299403648376261,14.770080956968398,14.99079891664079,529066000
2022-07-07,15.837715148925781,15.924603756791948,15.369315204242922,15.436229890249514,492903000
2022-07-08,15.817741394042969,16.016487204765824,15.369315366485964,15.410263287789268,467972000
2022-07-11,15.132617950439453,15.507138249502445,15.018763459499633,15.506139124864289,437321000
2022-07-12,15.062707901000977,15.411261460861052,14.857970199382459,15.248469852801644,458483000
2022-07-13,15.144601821899414,15.355332353370683,14.446496574604533,14.571336675038442,521918000
2022-07-14,15.352335929870605,15.453206563375947,14.70915967918238,15.088673698746,456235000
2022-07-15,15.741836547851562,15.761810467578528,15.4252416814492,15.638968622990012,385935000
2022-07-18,16.080400466918945,16.875381604656468,15.981528101270582,16.28114352403893,670517000
2022-07-19,16.97026252746582,17.088111599252507,16.15131186722845,16.464909340670324,702366000
2022-07-20,17.78421974182129,17.910059913599902,16.779508046241297,16.92532118544545,760538000
2022-07-21,18.02690887451172,18.120788488373734,17.52255573115242,17.862120940409465,557049000
2022-07-22,17.296846389770508,17.944016302358662,17.115078085285656,17.87011155488066,536671000
2022-07-25,17.00222396850586,17.102096434784116,16.627703648644037,16.997229297492076,480748000
2022-07-26,16.51185417175293,16.89736013283814,16.456924215514,16.867397819005358,397865000
2022-07-27,17.76724624633789,17.91305941057788,16.89136718367346,17.010214456123137,569776000
2022-07-28,17.960994720458984,18.1167953076169,17.41769186720875,17.952007360664744,474646000
2022-07-29,18.139768600463867,18.220664372063823,17.669370365625227,17.7902158893149,435460000
2022-08-01,18.41741180419922,18.821894447933598,17.96698847222425,18.158742318074168,476469000
2022-08-02,18.502302169799805,18.913775829350097,18.068857290848044,18.09881960313916,489527000
2022-08-03,18.868833541870117,18.943738371050543,18.113800026189008,18.160740792189316,418146000
2022-08-04,19.190420150756836,19.24934469266295,18.73600226706478,18.82488911846695,409652000
2022-08-05,18.96470832824707,19.204401075695394,18.642121577047934,18.785936463553476,386068000
2022-08-08,17.77023696899414,18.215667459857006,17.21994316503385,17.47961077979298,981859000
2022-08-09,17.064144134521484,17.424682406471327,16.702607690379292,17.229932154072273,668263000
2022-08-10,18.073850631713867,18.094823677301278,17.294847713662694,17.675360860644304,597422000
2022-08-11,17.919048309326172,18.68307102858467,17.853132750737004,18.107807625459433,509327000
2022-08-12,18.6850643157959,18.69405357886813,17.930030984616646,18.136766891101683,478094000
2022-08-15,19.007654190063477,19.139485307514796,18.589191447566634,18.677078224231252,457666000
2022-08-16,18.85485076904297,19.117514842080695,18.477334026043657,18.89579868992092,451240000
2022-08-17,18.311548233032227,18.66409737861908,18.121792618583473,18.499309407659993,446799000
2022-08-18,18.748985290527344,18.840866654371816,18.159739897692198,18.277588976259224,415447000
2022-08-19,17.826168060302734,18.496309228576987,17.74726864658189,18.38245474008907,441588000
2022-08-22,17.012210845947266,17.535540723316032,16.944297037737837,17.467626915106607,409593000
2022-08-23,17.159021377563477,17.442658473654998,16.94829085227016,16.9672675527716,369986000
2022-08-24,17.19997215270996,17.383736820931837,16.873390740553774,16.99023976473147,522661000
2022-08-25,17.890085220336914,17.924042122663238,16.811466867305608,16.822452475726784,770691000
2022-08-26,16.239200592041016,17.901071577210672,16.216229297175428,17.83415784682312,769127000
2022-08-29,15.780787467956543,16.31710025620338,15.746831515988745,15.999508144906232,496132000
2022-08-30,15.44821548461914,16.018484272206067,15.16258105222188,15.939585800162732,530181000
2022-08-31,15.074692726135254,15.520122334732504,14.939865179635497,15.364321741326709,573710000
2022-09-01,13.919172286987305,14.361605448465777,13.253025685582315,14.19082370889168,1178865000
2022-09-02,13.62954330444336,14.152872227822602,13.573614230055282,14.081963903202046,743157000
2022-09-06,13.447774887084961,13.761373328292967,13.333920402949287,13.71343439761388,535751000
2022-09-07,13.700526237487793,13.824404960731286,13.332887753743973,13.549674566682722,512657000
2022-09-08,13.976255416870117,13.994238335055863,13.355866176053086,13.445776956032267,624873000
2022-09-09,14.3728666305542,14.459781057076496,14.112123350987309,14.14309208176699,486612000
2022-09-12,14.49074935913086,14.532707912384652,14.18405081795038,14.354883295431712,484159000
2022-09-13,13.1181001663208,13.90832348360054,13.086132013496666,13.788441481403845,714956000
2022-09-14,13.115104675292969,13.27694524606263,12.900315716527123,13.240980357201307,588507000
2022-09-15,12.916297912597656,13.219999151246082,12.777434532964616,13.002213864684409,523625000
2022-09-16,13.185033798217773,13.19901998317494,12.604604264283166,12.72948146010781,670751000
2022-09-19,13.368852615356445,13.449773363387544,12.997218351690218,12.999216241943014,569685000
2022-09-20,13.163055419921875,13.46975398039861,13.044172844889841,13.20201761663557,524818000
2022-09-21,13.24797248840332,14.01721652180981,13.097120803212986,13.200020259475322,807679000
2022-09-22,12.548660278320312,13.136082940023156,12.415791513245084,13.05716007496291,759162000
2022-09-23,12.503705024719238,12.59861197068824,12.244959621986647,12.40779960985122,663309000
2022-09-26,12.215987205505371,12.646564510699525,12.202001019731137,12.478729328671262,547343000
2022-09-27,12.400805473327637,12.723488109737431,12.245958013370013,12.494712989759677,553854000
2022-09-28,12.723489761352539,12.810404196412017,12.341865022246536,12.397809770746882,542414000
2022-09-29,12.20799446105957,12.487719102181986,11.934263490657965,12.435770144985517,532763000
2022-09-30,12.127074241638184,12.620589356495946,12.063136987478432,12.075125282179473,565638000
2022-10-03,12.49970817565918,12.665545461526479,12.093107475187667,12.334870311343003,547478000
2022-10-04,13.15406608581543,13.207014474464279,12.866348876853381,12.866348876853381,584182000
2022-10-05,13.196022987365723,13.307913422440148,12.608601299621606,12.898316362763747,507131000
2022-10-06,13.117100715637207,13.6425839766056,13.090126814611668,13.20701244873915,644157000
2022-10-07,12.064135551452637,12.65755180965391,12.010188705501369,12.492713960153557,672478000
2022-10-10,11.658534049987793,12.112087505034498,11.396791386787234,12.02517309111401,698699000
2022-10-11,11.574618339538574,11.834362191096123,11.271915557468386,11.549642327930927,667482000
2022-10-12,11.488702774047852,11.723471574705954,11.333855307772826,11.567625639575176,492590000
2022-10-13,11.948250770568848,12.066134880189406,10.802377248193803,10.960222024495698,850103000
2022-10-14,11.215970993041992,12.099102388859581,11.192993824189893,12.045155536767183,713432000
2022-10-17,11.876321792602539,11.936263272999195,11.505686894003038,11.506685362912767,580774000
2022-10-18,11.955244064331055,12.479727942429879,11.606586932037441,12.331873568497944,659362000
2022-10-19,12.03916072845459,12.337867729907991,11.822373901829256,11.867329770007487,523131000
2022-10-20,12.182019233703613,12.75645408654935,12.093105977946362,12.10109849115355,652398000
2022-10-21,12.453752517700195,12.485721620803472,11.875321830125262,12.086114024805545,609494000
2022-10-24,12.58662223815918,12.697513248493351,12.052147995038125,12.495712036374808,517457000
2022-10-25,13.24797248840332,13.286934686690866,12.651558840573406,12.681530055483044,505482000
2022-10-26,12.883331298828125,13.374847600604975,12.695516258283613,12.856358348658414,532953000
2022-10-27,13.163055419921875,13.824405720603766,13.109108569096112,13.616609878763834,583113000
2022-10-28,13.82040786743164,13.83639289453765,13.048167568483699,13.091125542448584,521040000
2022-10-31,13.483738899230957,13.824404422141082,13.283935590358174,13.764462953110582,486341000
2022-11-01,13.529694557189941,13.911319221113567,13.505717968916885,13.797430903185232,432817000
2022-11-02,13.206011772155762,14.196038258236776,13.198020211676127,13.836392312746073,672628000
2022-11-03,13.407814025878906,13.767460952554842,12.943271666818118,13.030186086701502,500065000
2022-11-04,14.14209270477295,14.215020940860802,13.683543058228718,13.97225964349544,612576000
2022-11-07,14.28695011138916,14.39784112419483,13.940291840507935,14.214021873484295,410061000
2022-11-08,14.587654113769531,14.87636973597791,14.202032717098279,14.786458006428978,595292000
2022-11-09,13.762466430664062,14.19703950429596,13.745482933356136,14.14808690274886,454414000
2022-11-10,15.734527587890625,15.75750475697818,14.532709316866073,14.785461035041537,700819000
2022-11-11,16.310962677001953,16.372902052680672,15.46679335345204,15.791473935797205,655487000
2022-11-14,16.278987884521484,16.52374797503418,15.906354266094088,16.202063883509446,527852000
2022-11-15,16.649627685546875,16.98130035493643,16.365906290840556,16.705572427239694,545876000
2022-11-16,15.894369125366211,16.345924724230652,15.857405773137009,16.146122356795157,649547000
2022-11-17,15.661599159240723,16.25002123430615,15.519738460075079,15.699561935228004,710894000
2022-11-18,15.393861770629883,15.986279587297421,15.105145189019035,15.95031375136274,492072000
2022-11-21,15.301953315734863,15.461795982930148,15.0651856742172,15.132120243655514,404739000
2022-11-22,16.022245407104492,16.04222621770493,15.10714486073425,15.3129428273263,472866000
2022-11-23,16.50276756286621,16.510761028291775,16.032231601311242,16.082181709217252,427241000
2022-11-25,16.254016876220703,16.470802751197535,16.156113577844067,16.301970056581666,167934000
2022-11-28,15.81145191192627,16.340931949073315,15.709552828724547,16.010255828520048,303741000
2022-11-29,15.623636245727539,15.916348624692407,15.504753669157846,15.811451280864071,298384000
2022-11-30,16.91069984436035,16.917694725911424,15.58566343466165,15.68559017782251,565298000
2022-12-01,17.122547149658203,17.252451831882265,16.62291053101383,16.98664630958862,470977000
2022-12-02,16.863737106323242,16.920696802384185,16.433050521096575,16.64689572700742,371389000
2022-12-05,16.59792709350586,16.9826474725034,16.460026915348557,16.66687718258451,352255000
2022-12-06,15.975380897521973,16.560954474009094,15.80750278109948,16.517986458879424,352694000
2022-12-07,16.10828399658203,16.174236009152278,15.65561223859945,15.7605364147691,372388000
2022-12-08,17.156522750854492,17.166515711893183,15.947401148647057,16.26117402618214,515456000
2022-12-09,16.988643646240234,17.57022139839812,16.96266347235166,17.14752848636197,465338000
2022-12-12,17.522254943847656,17.52525302257886,16.784792378690156,17.024617711601017,457328000
2022-12-13,18.05886459350586,18.776343115909633,17.6981269308877,18.517530596389257,656589000
2022-12-14,17.66115379333496,18.238734707198045,17.407338697858034,17.97392602109033,496888000
2022-12-15,16.939678192138672,17.30741074376151,16.687862454853068,17.13353742821794,478542000
2022-12-16,16.558958053588867,17.028617754275558,16.398075743450875,16.851746323183324,478232000
2022-12-19,16.242183685302734,16.59692515669725,16.13326367119488,16.559953304567404,354039000
2022-12-20,16.07331085205078,16.298147736044392,15.84048131368488,16.052326203275552,403260000
2022-12-21,16.48900604248047,16.614915819046644,16.090295879605936,16.102288194499057,325025000
2022-12-22,15.327851295471191,16.12627131825596,14.87118366618108,16.08230267249462,565045000
2022-12-23,15.194948196411133,15.32785094900713,14.872183007276343,15.18495523596569,349326000
2022-12-27,14.110736846923828,15.089025380412426,14.045783556635216,15.063044254893216,464902000
2022-12-28,14.025798797607422,14.251634371646812,13.873908845237606,13.916877813656033,351066000
2022-12-29,14.592385292053223,14.672327066692667,14.216659141844056,14.391532131235763,354923000
2022-12-30,14.603378295898438,14.618366783406367,14.22265470311372,14.323581124655862,310490000
2023-01-03,14.304594039916992,14.985099731591909,14.085753367745566,14.840204674329469,401277000
2023-01-04,14.738279342651367,14.842203842142059,14.230649159888065,14.556412421523799,431324000
2023-01-05,14.254633903503418,14.553416405392683,14.137718348516296,14.480469500563657,389168000
2023-01-06,14.848198890686035,14.999089148527037,14.02379879088621,14.463478526452427,405044000
2023-01-09,15.6166410446167,16.044329449566135,15.129994555598975,15.272891218307487,504231000
2023-01-10,15.897436141967773,15.950397113085856,15.460753522874386,15.495727928892192,384101000
2023-01-11,15.98936939239502,16.016350194833073,15.551688019813112,15.828487113940936,353285000
2023-01-12,16.498998641967773,16.62490650981724,15.480739249829666,16.088298079147023,551409000
2023-01-13,16.886720657348633,16.909704661241996,16.153254759158823,16.2661716118546,447287000
2023-01-17,17.68913459777832,17.715116677928005,16.88671868747473,16.88671868747473,511102000
2023-01-18,17.364370346069336,17.86000821250993,17.269438176946668,17.65415856864237,439624000
2023-01-19,16.75281524658203,17.184502399032052,16.718841465968847,17.02361820294008,452932000
2023-01-20,17.826034545898438,17.843022387784448,16.812771625874188,16.998635350456045,564967000
2023-01-23,19.17905044555664,19.231012695329287,17.805049858236785,18.05086943796672,655163000
2023-01-24,19.250995635986328,19.480829897211883,18.80631941203174,18.81331429322704,496204000
2023-01-25,19.3089542388916,19.35592095937967,18.566494288431212,18.89925241669072,449537000
2023-01-26,19.787607192993164,20.151342944040152,19.26398788855709,19.686680771389888,489535000
2023-01-27,20.35019874572754,20.6130080885657,19.390897376500842,19.44785515673825,542142000
2023-01-30,19.148073196411133,20.12536109403258,19.136080881491797,19.93550056345809,488611000
2023-01-31,19.52280044555664,19.672691038847766,18.93622720547809,19.156066615240924,498017000
2023-02-01,20.927780151367188,21.176597829811747,19.59674747059233,19.676689253145742,660477000
2023-02-02,21.693220138549805,21.933045462419837,20.68495467288457,20.984735851231548,564276000
2023-02-03,21.084665298461914,21.72919698203691,20.773890504030668,20.98473759538664,429366000
2023-02-06,21.073671340942383,21.554320701023414,20.77089018549722,20.790876105149728,452197000
2023-02-07,22.15688705444336,22.242824999798703,21.134629759371332,21.36646151397439,664150000
2023-02-08,22.188859939575195,22.861371096490107,21.99200262833472,22.370726857700443,559651000
2023-02-09,22.320764541625977,23.00326867631639,22.103923210549823,22.589570028898493,523876000
2023-02-10,21.249542236328125,22.061951006496415,20.795873674211233,21.67423445489489,550737000
2023-02-13,21.77216148376465,22.031972707432736,20.946761724793525,21.522343219387118,474919000
2023-02-14,22.954303741455078,23.032246161233104,21.350468919181104,21.562314716019458,675474000
2023-02-15,22.747451782226562,22.838385233868188,22.089931072086554,22.53260792274328,420575000
2023-02-16,21.986005783081055,22.533605827252206,21.911059544234035,22.116909161094686,412026000
2023-02-17,21.372455596923828,21.724199045157942,20.95975566037808,21.615279013967122,465888000
2023-02-21,20.63998794555664,21.478376927899387,20.603014182735517,20.984736501942116,410015000
2023-02-22,20.73891258239746,21.088658530961773,20.406154473896983,20.69194777066034,513184000
2023-02-23,23.646799087524414,23.87063720047098,23.008263613547186,23.422962880540098,1117995000
2023-02-24,23.269075393676758,23.456940389686,22.930322978205957,23.208120810120686,589716000
2023-02-27,23.483915328979492,23.862639524091893,23.436950517365467,23.65279309908057,452994000
2023-02-28,23.199125289916992,23.807683803281677,23.189132329599882,23.355012040131793,455963000
2023-03-01,22.681499481201172,23.23909440328448,22.491637069387487,23.17513984595468,460026000
2023-03-02,23.29705810546875,23.363010131453944,22.415699039488175,22.471660009200377,389415000
2023-03-03,23.872634887695312,23.882627847887388,23.113187066758055,23.303049498482938,412393000
2023-03-06,23.536880493164062,24.230374393263517,23.469927850702934,23.87363543603711,437429000
2023-03-07,23.275026321411133,24.111559920502025,23.228051620676226,23.586852780173178,515154000
2023-03-08,24.16752815246582,24.18651857379535,23.410949919200295,23.47391454643522,513573000
2023-03-09,23.422943115234375,24.440375570970758,23.36997124192883,24.161529784605587,501257000
2023-03-10,22.95220375061035,23.61383553121253,22.713336604316986,23.39595659193955,474866000
2023-03-13,22.953203201293945,23.28501894656515,22.28457724174812,22.739323644509124,421890000
2023-03-14,24.049592971801758,24.205506193309173,23.44692829407391,23.482909441366974,474910000
2023-03-15,24.21450424194336,24.272470590560282,23.346987737691656,23.74776342720997,524486000
2023-03-16,25.526769638061523,25.573742429212153,23.880686034435833,24.0136132573458,583253000
2023-03-17,25.710670471191406,26.38429481125842,25.65370110932452,25.967527280850714,848547000
2023-03-20,25.885570526123047,26.009501993763354,25.11599904163823,25.60072945435553,432747000
2023-03-21,26.184404373168945,26.37729764905775,25.366861180788394,26.16541585752353,547408000
2023-03-22,26.4532527923584,27.573628475745913,26.22238060273508,26.410275577117357,797295000
2023-03-23,27.17584991455078,27.483678869763516,26.675129606850067,27.0998920461365,564889000
2023-03-24,26.764080047607422,27.151864370667408,26.34031648260236,27.015940460080916,454920000
2023-03-27,26.51622200012207,26.984960623326504,26.350314098430964,26.82205130984847,361026000
2023-03-28,26.395286560058594,26.49822981819258,25.83559907568031,26.4322666027337,356104000
2023-03-29,26.968965530395508,27.062913022482526,26.582182010785015,26.810055624588923,393694000
2023-03-30,27.36774444580078,27.48368095112292,27.086900852677296,27.213830909681384,364516000
2023-03-31,27.761524200439453,27.818491649318357,27.089897727279443,27.124878074185077,433933000
2023-04-03,27.949419021606445,27.984399368313966,27.320769768409424,27.493673714298545,398716000
2023-04-04,27.43770408630371,27.984400217935065,27.291785519526204,27.95041876402009,368592000
2023-04-05,26.866025924682617,26.982959420738567,26.380296599613906,26.81405484656238,515015000
2023-04-06,27.021936416625977,27.064911726248354,26.412275681078114,26.569187793433816,397654000
2023-04-10,27.563634872436523,27.60561128919327,26.654142030135144,26.808055558243208,395279000
2023-04-11,27.15386390686035,27.774518217664543,27.11088668926275,27.708555003624628,314378000
2023-04-12,26.480239868164062,27.45269736059757,26.43326516842253,27.35475238564749,446259000
2023-04-13,26.448257446289062,26.872021032628947,26.314333222972966,26.719106387234746,353615000
2023-04-14,26.743091583251953,26.86802194128863,26.205391215510087,26.4892333854769,395660000
2023-04-17,26.986957550048828,26.99095503182758,26.41827430530076,26.5502007354296,321471000
2023-04-18,27.651586532592773,28.094340530328527,27.341759767338345,27.517662312507838,604812000
2023-04-19,27.915437698364258,27.98439949827532,27.21682774850781,27.34575558501226,358660000
2023-04-20,27.08890151977539,28.01438627637925,26.984959362580753,27.655585102128896,427713000
2023-04-21,27.10388946533203,27.16785488893232,26.707111304133665,26.936982696482477,345103000
2023-04-24,27.026933670043945,27.350752562317236,26.656140078776733,26.997950498081295,339282000
2023-04-25,26.22637939453125,27.23181943338438,26.210389467742495,27.0629129642478,378527000
2023-04-26,26.940980911254883,27.314773087163047,26.69012130424559,26.98695671600465,406337000
2023-04-27,27.210834503173828,27.47968567227575,26.61016943779592,27.347759228943875,377161000
2023-04-28,27.73354148864746,27.742535346196135,27.05591780168011,27.209833243040322,292216000
2023-05-01,28.89389419555664,29.04181246207851,27.764524553059715,27.82449059352596,570329000
2023-05-02,28.19428253173828,28.819935127499164,28.0673543848906,28.664021902061748,402730000
2023-05-03,27.786510467529297,28.35119621775958,27.45669439964769,27.82448940299966,383387000
2023-05-04,27.546642303466797,27.843475788721815,27.224821223568284,27.63559150652296,321850000
2023-05-05,28.66402244567871,28.738979518802154,27.715551735994396,27.81049812446517,361494000
2023-05-08,29.1347599029541,29.203721709083258,28.334207428076738,28.50611059015405,344979000
2023-05-09,28.555084228515625,28.95686072927606,28.434153245732794,28.88290254429189,314869000
2023-05-10,28.86890983581543,29.096783468898458,28.445146238573628,28.988841922279864,369350000
2023-05-11,28.562076568603516,28.933870951744883,28.23026272032558,28.879900184422446,322149000
2023-05-12,28.32421112060547,28.763966517667072,28.030374291228554,28.513104999735347,274222000
2023-05-15,28.936870574951172,28.952862409265084,28.136318091047787,28.49211877138571,293926000
2023-05-16,29.19672393798828,29.85335939883609,28.81593759187139,28.824931449190075,449405000
2023-05-17,30.16118812561035,30.182176335560214,29.413605625028328,29.56751916466066,432535000
2023-05-18,31.660350799560547,31.810266849120413,30.30310757748379,30.393057588476907,748725000
2023-05-19,31.246580123901367,31.562404038360306,30.898774451103044,31.518427929214972,473908000
2023-05-22,31.158632278442383,31.50244049695019,30.662908312939347,30.88378395738416,372000000
2023-05-23,30.670900344848633,31.270566405577007,30.613932898313784,30.98272677267882,356253000
2023-05-24,30.52098846435547,30.589950270894462,29.789395884973317,30.193170159814024,721419000
2023-05-25,37.95883560180664,39.4579997431698,36.61458386836144,38.50153228896637,1543911000
2023-05-26,38.9243049621582,39.148179210882226,37.52908267088945,37.86889343237657,714397000
2023-05-30,40.08865737915039,41.91463936570676,39.9267488671267,40.572388939857326,923401000
2023-05-31,37.812923431396484,40.27255101704391,37.80092907922199,39.466001365894826,1002580000
2023-06-01,39.74784469604492,40.027687488764876,38.318641040244415,38.46755629420693,635873000
2023-06-02,39.30508804321289,40.47743482437328,39.036236914033275,40.07465948380219,482731000
2023-06-05,39.14918518066406,39.54296293666852,38.68544290352915,38.88733006430627,396094000
2023-06-06,38.63246536254883,39.138183990775154,38.12674673432251,38.80836981480188,388729000
2023-06-07,37.4579963684082,39.481080170123946,37.33905087631554,38.89734549227656,511998000
2023-06-08,38.492530822753906,38.84637034571571,37.48798941948038,37.706888040949515,417772000
2023-06-09,38.752410888671875,39.692982044462646,38.54950387238983,39.019288045180616,427717000
2023-06-12,39.464088439941406,39.51206700150423,38.60048195774429,39.18221868034752,388701000
2023-06-13,41.00339126586914,41.08235780976993,39.7219751154273,40.167771950130565,613208000
2023-06-14,42.97748947143555,42.9804864628246,40.53359551230655,40.80547525022667,740465000
2023-06-15,42.63365173339844,43.26936481890203,42.127880745258615,42.58267617954838,568622000
2023-06-16,42.672630310058594,43.7011627413836,42.64164233222249,43.430285796206434,655709000
2023-06-20,43.788124084472656,43.970044535579625,42.654639680016224,42.97849400113233,451153000
2023-06-21,43.02547073364258,43.59521566012008,42.06091216795214,43.48126514963789,551603000
2023-06-22,43.0054817199707,43.40629695536315,42.214840218909664,42.233828792547676,417737000
2023-06-23,42.189849853515625,42.789576114624246,41.9959376252503,42.44473523032175,358140000
2023-06-26,40.613563537597656,42.74459612983443,40.081803433488034,42.44173221039152,594322000
2023-06-27,41.85700225830078,41.920972400878014,40.429652485248255,40.780491178627045,462175000
2023-06-28,41.09834289550781,41.826013191119394,40.49961568019185,40.64154953656363,582639000
2023-06-29,40.8034782409668,41.581125151511266,40.58157883716756,41.53914438933123,380514000
2023-06-30,42.282806396484375,42.53069498097374,41.48217110907092,41.66109075373004,501148000
2023-07-03,42.39375686645508,42.87853744854529,42.18285405414917,42.49770977670776,198209000
2023-07-05,42.29780578613281,43.15741247576168,42.065908767153076,42.11588532389232,323618000
2023-07-06,42.083900451660156,42.15986618749212,41.32724389814401,41.82501907665081,303582000
2023-07-07,42.48371505737305,43.19439483074113,42.160863552312975,42.3027974197586,355881000
2023-07-10,42.16086196899414,42.79157618385811,41.63010085593259,42.63764672937715,353908000
2023-07-11,42.38576126098633,42.738601759030615,42.04791716091051,42.46172699623317,298244000
2023-07-12,43.882080078125,43.915066050128644,42.7575905421709,43.01347490180477,481277000
2023-07-13,45.956146240234375,46.13406309048244,44.471819219125365,44.49780840176806,478204000
2023-07-14,45.44837188720703,48.066183093973315,45.039557059326,46.56186486459347,772075000
2023-07-17,46.43992233276367,46.47490630311995,45.24146873901093,46.268003285850995,510488000
2023-07-18,47.47245407104492,47.87427213285154,45.71325416375617,46.67981454353207,569164000
2023-07-19,47.055641174316406,47.79630611668105,46.72079407647509,47.44246663237742,427502000
2023-07-20,45.49934387207031,47.06563412307765,45.04155152551877,46.485895491878075,537865000
2023-07-21,44.28889846801758,45.8451951947945,44.07999364154884,45.76722764913427,963769000
2023-07-24,44.591758728027344,45.088534882769345,44.020019651695705,44.71070421831162,382516000
2023-07-25,45.65827941894531,46.1620485923798,44.90262184582679,44.92061523614951,348081000
2023-07-26,45.43138122558594,46.032110332032616,44.60975551348785,46.0001233535435,364237000
2023-07-27,45.87917709350586,47.3734977573488,45.729243622017535,46.49789574001407,455976000
2023-07-28,46.72879409790039,47.005668877147734,46.35996199566977,46.64683056118983,331194000
2023-07-31,46.707794189453125,47.10861318935372,46.48489581525041,46.73278436948878,251055000
2023-08-01,46.485897064208984,46.87872029315751,46.006115325418975,46.43891750620859,237858000
2023-08-02,44.2489128112793,45.819199075589886,43.36731307192812,45.810204288208965,530142000
2023-08-03,44.49480438232422,45.09753146141585,43.780128602049395,43.780128602049395,324176000
2023-08-04,44.659732818603516,45.62129442841097,44.3728642565576,44.96459477128271,362666000
2023-08-07,45.396400451660156,45.51934576183127,44.54278770096805,45.09053948525755,322154000
2023-08-08,44.643741607666016,45.221478538813905,44.036015691879385,44.83265505253908,353843000
2023-08-09,42.53469467163086,44.291896510897445,42.11488323728883,44.253911737744474,586449000
2023-08-10,42.368770599365234,43.55423337804786,41.816020072112345,42.14087339406621,492705000
2023-08-11,40.83646774291992,41.998942220177064,40.62056611691793,41.732061226433224,533085000
2023-08-14,43.733150482177734,43.780130045964164,40.292714362956126,40.4676342143239,690286000
2023-08-15,43.920066833496094,45.24746736262356,43.69017162224425,44.53978833822736,676512000
2023-08-16,43.466270446777344,44.654730173438274,43.3863049125829,44.499801717144706,527451000
2023-08-17,43.32433319091797,44.0420058832226,42.981486518683695,43.950048576466585,452395000
2023-08-18,43.279354095458984,43.55822683605399,41.641097806148274,42.61565390241393,583768000
2023-08-21,46.94569396972656,47.043649088093474,44.20194021923786,44.4738161945168,692573000
2023-08-22,45.647281646728516,48.16513989063479,45.312434537033134,48.113161528574985,755293000
2023-08-23,47.094627380371094,47.17858890848423,45.18749198173924,45.845194431592205,779046000
2023-08-24,47.1416015625,50.24319445193808,47.137605573465706,50.193217898242985,1156044000
2023-08-25,45.99712371826172,47.78331172625779,45.00357139022836,46.99067223332849,925341000
2023-08-28,46.813751220703125,46.95868589539786,44.86763592891526,46.46091072736626,685192000
2023-08-29,48.76186752319336,49.058733661503915,46.36995165063556,46.64482841073173,701397000
2023-08-30,49.24164581298828,49.904343169131685,48.40302581763254,49.02174442045601,735206000
2023-08-31,49.332611083984375,49.72143456445516,48.935791812051576,49.35760126864915,528570000
2023-09-01,48.48699188232422,49.777406562767425,48.120157798970006,49.739425601877976,463830000
2023-09-05,48.525970458984375,48.82883436828192,47.83828293082929,48.20111717331872,382653000
2023-09-06,47.04352569580078,48.53097212060012,46.562705311896934,48.42301432909476,468670000
2023-09-07,46.22383117675781,46.326793571999545,45.13523483656175,45.50809743449282,433330000
2023-09-08,45.555076599121094,46.588693046226524,45.25418967954752,45.92494195463873,473069000
2023-09-11,45.161224365234375,46.145855378235105,44.295544829202264,46.13086155867235,473966000
2023-09-12,44.853336334228516,45.65603954125468,44.514461521168336,44.721385383298234,349256000
2023-09-13,45.468109130859375,45.91294356893701,44.48647155258025,44.5834356523234,398355000
2023-09-14,45.56407928466797,45.96992678735713,45.11424558500878,45.932941774404185,370097000
2023-09-15,43.88370132446289,45.58206797918656,43.791732616749904,45.32416435497426,506831000
2023-09-18,43.94967269897461,44.225571181756216,41.98440317548432,42.73212650169159,500271000
2023-09-19,43.50383758544922,43.949671091546065,42.98602840940491,43.81672106597158,373064000
2023-09-20,42.22331619262695,43.88669985783539,42.20732329224025,43.58381095041621,367108000
2023-09-21,41.001766204833984,42.08436420462982,40.96478119592239,41.567557906272185,450736000
2023-09-22,41.59454345703125,42.09935692892389,41.21568262993903,41.55655555974085,479236000
2023-09-25,42.20631790161133,42.52020045113186,41.16170405570359,41.57555175089589,419091000
2023-09-26,41.89543533325195,42.804098165845645,41.639529882171416,41.9854020636062,402282000
2023-09-27,42.452232360839844,42.856085518940894,41.613546949238824,42.314286918193886,444935000
2023-09-28,43.072998046875,43.42986390622625,42.099360753116,42.4442300318879,424663000
2023-09-29,43.48284912109375,44.12761008649057,43.29091906951936,43.81072644813263,397830000
2023-10-02,44.7653694152832,45.15822119722868,43.84471004180952,44.0136459937785,433298000
2023-10-03,43.50083541870117,45.113239102137314,43.22993616372472,44.7913562878214,470850000
2023-10-04,44.02465057373047,44.12661389696753,43.275928083573646,43.725761788112315,361821000
2023-10-05,44.67140579223633,44.883328870438184,43.87170361778556,44.03364221179363,393483000
2023-10-06,45.7450065612793,45.77199696146995,44.00965119259275,44.176588991341895,434436000
2023-10-09,45.25618362426758,45.58806104579634,44.35152097738503,44.82534394927442,409675000
2023-10-10,45.7809944152832,46.24182177038048,45.071258970878525,45.29317665886047,368582000
2023-10-11,46.78862380981445,46.841605537736676,46.0329039435878,46.17884965200633,378137000
2023-10-12,46.92756271362305,47.59131754557436,46.31279328112967,46.75962584672848,481325000
2023-10-13,45.44411849975586,47.098506577939204,45.2631859505656,46.94256245807882,474115000
2023-10-16,46.077880859375,46.20782982990131,44.895317771966525,45.0462626645457,375099000
2023-10-17,43.92168426513672,44.73738315193545,42.46422548000373,43.98366151728547,812333000
2023-10-18,42.18033218383789,43.20295497748339,41.80947154933942,42.575185981795975,627294000
2023-10-19,42.08536911010742,43.28092416614882,41.866448658188794,42.79510456302502,501233000
2023-10-20,41.37163162231445,42.4542296240792,41.06274445020242,41.87444318164371,477266000
2023-10-23,42.959041595458984,43.23194285243357,40.929796567072074,41.21369151272365,478530000
2023-10-24,43.64678192138672,43.680769690492056,42.67514660989255,43.06100102394639,401463000
2023-10-25,41.76348114013672,43.63378838143873,41.53956531780791,43.38187926803847,398379000
2023-10-26,40.31102752685547,42.24031124000929,39.86519397688078,41.837460992365465,541001000
2023-10-27,40.484962463378906,41.19070160881771,40.00014193239622,41.11472961386122,416784000
2023-10-30,41.14571762084961,41.75049254735998,40.46596977662881,41.071747596041774,388028000
2023-10-31,40.764854431152344,40.86382050289445,39.21543081274733,40.434978965187184,517969000
2023-11-01,42.309288024902344,42.36526699140607,40.85382726924343,40.86882109051677,437593000
2023-11-02,43.489845275878906,43.86770326441367,42.87807302018601,43.31190996998518,409172000
2023-11-03,44.98828887939453,45.292173032715084,43.706763443369326,44.00365403986176,424610000
2023-11-06,45.7340087890625,45.91794237842164,44.882324008662465,45.26818224521419,400733000
2023-11-07,45.93793869018555,46.20083771282599,45.14123373244881,45.7020262562231,343165000
2023-11-08,46.556705474853516,46.84959593349214,45.95092771395189,46.0828786635961,346719000
2023-11-09,46.93256378173828,48.21208717627926,46.732637298021125,47.44937006233144,540496000
2023-11-10,48.317047119140625,48.45399727357031,47.26543970036673,47.48235815931679,421245000
2023-11-13,48.60194396972656,49.09776197733569,48.081137533797566,48.302056136923355,384136000
2023-11-14,49.63755798339844,49.81549328462336,49.021789425646965,49.661551145185484,416954000
2023-11-15,48.869850158691406,49.941450760944704,48.182105862527486,49.91646233050051,475497000
2023-11-16,49.46162796020508,49.50661323492199,48.312057235229624,48.66092667774055,339756000
2023-11-17,49.27969741821289,49.6985405744049,48.98880509199654,49.50561143654388,325205000
2023-11-20,50.39028549194336,50.52923382562735,49.16274076003669,49.293692643428805,414120000
2023-11-21,49.925453186035156,50.498238446028495,49.2037211838221,50.10738480588418,565747000
2023-11-22,48.69791030883789,50.31630862084328,47.67229030842092,49.833490074022954,899420000
2023-11-24,47.758262634277344,48.90283797462597,47.7272721000833,48.45200520901021,294645000
2023-11-27,48.224082946777344,48.5119741804014,47.63430192702206,47.782245768378836,395662000
2023-11-28,47.80324172973633,48.30505803666867,47.455371379985124,48.21808854259049,401491000
2023-11-29,48.122127532958984,48.74389826432213,47.842232702522104,48.36104103175138,382005000
2023-11-30,46.752628326416016,48.09213075271721,46.40475801374823,48.006160347360236,526247000
2023-12-01,46.74763107299805,47.18247088867774,46.16984662435623,46.50772234338756,369317000
2023-12-04,45.49309539794922,46.05988615006736,44.99328110355466,46.05988615006736,437543000
2023-12-05,46.55280303955078,46.58678998545578,45.25816811641427,45.453112539750435,371718000
2023-12-06,45.4901008605957,47.37356953938658,45.39912705049496,47.20161740676732,380590000
2023-12-07,46.58279037475586,46.61578196479854,45.591071034121136,45.687044488636715,350823000
2023-12-08,47.49253463745117,47.727468635368496,46.536804340424034,46.58179356796495,359224000
2023-12-11,46.61378479003906,47.517527924857966,45.817013589035405,47.47754215922328,509728000
2023-12-12,47.643489837646484,47.65248615714668,46.032946525477605,46.032946525477605,372387000
2023-12-13,48.074371337890625,48.58022843747808,47.59450784522985,47.61550180152845,447792000
2023-12-14,48.33629608154297,48.656205088433744,47.408561487006175,48.37628566080836,391232000
2023-12-15,48.87614440917969,49.38999868524406,48.10636216253151,48.180342503489584,479948000
2023-12-18,50.06280517578125,50.41870325962806,49.136069797992675,49.38599893467907,412587000
2023-12-19,49.58993911743164,49.685912576034035,48.881140459884094,49.40998983595613,464444000
2023-12-20,48.09735870361328,49.98482386963059,48.084361901480875,49.64091963761884,397894000
2023-12-21,48.97611618041992,49.08108596207473,48.40527506263609,48.79716606109675,300425000
2023-12-22,48.816162109375,49.36900296425664,48.45326221692039,49.18105652303888,252507000
2023-12-26,49.26502990722656,49.58593805712997,48.94612009204946,48.95411724457058,244200000
2023-12-27,49.40298843383789,49.66591435262688,49.07108183480036,49.49696355119108,233648000
2023-12-28,49.507965087890625,49.869862010873014,49.397995651127005,49.628932993777084,246587000
2023-12-29,49.507965087890625,49.982832763586586,48.737183676716924,49.798882986145436,389293000
